[2026-08-24 17:43:14] INFO: Server running on port 5000 in development mode
[2026-08-24 18:45:37] INFO: Server running on port 5000 in development mode
[2026-08-24 18:45:52] INFO: Server running on port 5000 in development mode
[2026-08-24 18:46:42] WARN: SIGINT received. Shutting down gracefully...
[2026-08-24 18:49:36] INFO: Server running on port 5000 in development mode
[2026-08-24 18:50:09] INFO: Server running on port 5000 in development mode
[2026-08-24 18:50:24] HTTP: [0mGET /api-docs [36m302[0m 5.510 ms - 39[0m
[2026-08-24 18:50:24] HTTP: [0mGET /api-docs/ [36m304[0m 3.641 ms - -[0m
[2026-08-24 18:50:24] HTTP: [0mGET /api-docs/swagger-ui.css [36m304[0m 2.279 ms - -[0m
[2026-08-24 18:50:24] HTTP: [0mGET /api-docs/swagger-ui-init.js [36m304[0m 0.529 ms - -[0m
[2026-08-24 18:50:24] HTTP: [0mGET /api-docs/swagger-ui-bundle.js [36m304[0m 2.050 ms - -[0m
[2026-08-24 18:50:24] HTTP: [0mGET /api-docs/swagger-ui-standalone-preset.js [36m304[0m 2.183 ms - -[0m
[2026-08-24 18:50:24] HTTP: [0mGET /api-docs/swagger-ui-init.js [36m304[0m 0.756 ms - -[0m
[2026-08-24 18:50:24] HTTP: [0mGET /api-docs/swagger-ui-standalone-preset.js [36m304[0m 0.670 ms - -[0m
[2026-08-24 18:50:24] HTTP: [0mGET /api-docs/swagger-ui-bundle.js [36m304[0m 0.512 ms - -[0m
[2026-08-24 18:50:45] WARN: SIGINT received. Shutting down gracefully...
[2026-08-24 18:52:47] INFO: Server running on port 5000 in development mode
[2026-08-24 18:53:00] HTTP: [0mGET /api-docs/ [36m304[0m 6.802 ms - -[0m
[2026-08-24 18:53:00] HTTP: [0mGET /api-docs/swagger-ui.css [36m304[0m 2.566 ms - -[0m
[2026-08-24 18:53:00] HTTP: [0mGET /api-docs/swagger-ui-init.js [36m304[0m 0.759 ms - -[0m
[2026-08-24 18:53:00] HTTP: [0mGET /api-docs/swagger-ui-bundle.js [36m304[0m 4.693 ms - -[0m
[2026-08-24 18:53:00] HTTP: [0mGET /api-docs/swagger-ui-standalone-preset.js [36m304[0m 5.439 ms - -[0m
[2026-08-24 18:53:00] HTTP: [0mGET /api-docs/swagger-ui-init.js [36m304[0m 0.561 ms - -[0m
[2026-08-24 18:53:00] HTTP: [0mGET /api-docs/swagger-ui-bundle.js [36m304[0m 1.028 ms - -[0m
[2026-08-24 18:53:00] HTTP: [0mGET /api-docs/swagger-ui-standalone-preset.js [36m304[0m 1.171 ms - -[0m
[2026-08-24 18:53:18] ERROR: Unhandled Error: Cannot set property query of #<IncomingMessage> which has only a getter | {"method":"GET","url":"/api/v1/categories?page=1&limit=10&status=active","ip":"::1"}
TypeError: Cannot set property query of #<IncomingMessage> which has only a getter
    at F:\App\backend\node_modules\express-mongo-sanitize\index.js:113:18
    at Array.forEach (<anonymous>)
    at F:\App\backend\node_modules\express-mongo-sanitize\index.js:110:44
    at Layer.handleRequest (F:\App\backend\node_modules\router\lib\layer.js:152:17)
    at trimPrefix (F:\App\backend\node_modules\router\index.js:342:13)
    at F:\App\backend\node_modules\router\index.js:297:9
    at processParams (F:\App\backend\node_modules\router\index.js:582:12)
    at next (F:\App\backend\node_modules\router\index.js:291:5)
    at read (F:\App\backend\node_modules\body-parser\lib\read.js:53:5)
    at urlencodedParser (F:\App\backend\node_modules\body-parser\lib\types\urlencoded.js:51:5)
[2026-08-24 18:53:18] HTTP: [0mGET /api/v1/categories?page=1&limit=10&status=active [31m500[0m 3.274 ms - 65[0m
[2026-08-24 18:54:06] INFO: Server running on port 5000 in development mode
[2026-08-24 18:54:40] INFO: Server running on port 5000 in development mode
[2026-08-24 18:54:51] HTTP: [0mGET /api/v1/categories?page=1&limit=10&status=active [32m200[0m 59.455 ms - 471[0m
[2026-08-24 18:54:54] WARN: SIGINT received. Shutting down gracefully...
[2026-08-25 09:46:27] INFO: Server running on port 5000 in development mode
[2026-08-25 10:37:17] WARN: SIGINT received. Shutting down gracefully...
[2026-08-25 10:37:48] INFO: Server running on port 5000 in development mode
[2026-08-25 14:32:54] WARN: SIGINT received. Shutting down gracefully...
[2026-08-29 12:45:44] INFO: Server running on port 5000 in development mode
[2026-08-29 12:45:54] INFO: Server running on port 5000 in development mode
[2026-08-29 12:49:56] INFO: Server running on port 5000 in development mode
[2026-08-29 12:50:04] INFO: Server running on port 5000 in development mode
[2026-08-29 12:50:15] INFO: Server running on port 5000 in development mode
[2026-08-29 12:52:29] WARN: SIGINT received. Shutting down gracefully...
[2026-08-29 12:54:36] INFO: Server running on port 5000 in development mode
[2026-08-29 12:54:39] HTTP: [0mGET /api-docs/ [36m304[0m 7.339 ms - -[0m
[2026-08-29 12:54:39] HTTP: [0mGET /api-docs/swagger-ui-init.js [32m200[0m 1.064 ms - -[0m
[2026-08-29 12:54:39] HTTP: [0mGET /api-docs/swagger-ui.css [32m200[0m 5.409 ms - -[0m
[2026-08-29 12:54:39] HTTP: [0mGET /api-docs/swagger-ui-standalone-preset.js [32m200[0m 16.500 ms - -[0m
[2026-08-29 12:54:40] HTTP: [0mGET /api-docs/swagger-ui-bundle.js [32m200[0m 10.257 ms - -[0m
[2026-08-29 12:54:40] HTTP: [0mGET /api-docs/swagger-ui-bundle.js [36m304[0m 1.947 ms - -[0m
[2026-08-29 12:54:40] HTTP: [0mGET /api-docs/swagger-ui-standalone-preset.js [36m304[0m 1.503 ms - -[0m
[2026-08-29 12:54:40] HTTP: [0mGET /api-docs/swagger-ui-init.js [32m200[0m 0.556 ms - -[0m
[2026-08-29 12:57:33] INFO: Server running on port 5000 in development mode
[2026-08-29 12:57:46] INFO: Server running on port 5000 in development mode
[2026-08-29 12:57:48] INFO: Server running on port 5000 in development mode
[2026-08-29 12:57:57] INFO: Server running on port 5000 in development mode
[2026-08-29 12:58:12] HTTP: [0mGET /api-docs/ [36m304[0m 4.567 ms - -[0m
[2026-08-29 12:58:12] HTTP: [0mGET /api-docs/swagger-ui.css [36m304[0m 2.250 ms - -[0m
[2026-08-29 12:58:12] HTTP: [0mGET /api-docs/swagger-ui-bundle.js [36m304[0m 4.885 ms - -[0m
[2026-08-29 12:58:12] HTTP: [0mGET /api-docs/swagger-ui-standalone-preset.js [36m304[0m 3.710 ms - -[0m
[2026-08-29 12:58:12] HTTP: [0mGET /api-docs/swagger-ui-init.js [32m200[0m 1.409 ms - -[0m
[2026-08-29 12:58:12] HTTP: [0mGET /api-docs/swagger-ui-bundle.js [36m304[0m 0.889 ms - -[0m
[2026-08-29 12:58:12] HTTP: [0mGET /api-docs/swagger-ui-standalone-preset.js [36m304[0m 1.129 ms - -[0m
[2026-08-29 12:58:12] HTTP: [0mGET /api-docs/swagger-ui-init.js [32m200[0m 0.744 ms - -[0m
[2026-08-29 12:58:13] HTTP: [0mGET /api-docs/favicon-32x32.png [32m200[0m 4.107 ms - 628[0m
[2026-08-29 12:58:23] INFO: Server running on port 5000 in development mode
[2026-08-29 12:58:43] INFO: Server running on port 5000 in development mode
[2026-08-29 12:59:36] HTTP: [0mGET /api-docs/ [36m304[0m 4.526 ms - -[0m
[2026-08-29 12:59:36] HTTP: [0mGET /api-docs/swagger-ui.css [36m304[0m 1.449 ms - -[0m
[2026-08-29 12:59:36] HTTP: [0mGET /api-docs/swagger-ui-bundle.js [36m304[0m 1.329 ms - -[0m
[2026-08-29 12:59:36] HTTP: [0mGET /api-docs/swagger-ui-standalone-preset.js [36m304[0m 2.313 ms - -[0m
[2026-08-29 12:59:36] HTTP: [0mGET /api-docs/swagger-ui-init.js [32m200[0m 2.214 ms - -[0m
[2026-08-29 12:59:36] HTTP: [0mGET /api-docs/swagger-ui-bundle.js [36m304[0m 1.509 ms - -[0m
[2026-08-29 12:59:36] HTTP: [0mGET /api-docs/swagger-ui-standalone-preset.js [36m304[0m 1.657 ms - -[0m
[2026-08-29 12:59:36] HTTP: [0mGET /api-docs/swagger-ui-init.js [32m200[0m 1.261 ms - -[0m
[2026-08-29 12:59:36] HTTP: [0mGET /api-docs/favicon-32x32.png [36m304[0m 0.819 ms - -[0m
[2026-08-29 13:00:56] INFO: Server running on port 5000 in development mode
[2026-08-29 13:01:05] INFO: Server running on port 5000 in development mode
[2026-08-29 13:03:00] HTTP: [0mGET /api-docs/ [36m304[0m 4.400 ms - -[0m
[2026-08-29 13:03:00] HTTP: [0mGET /api-docs/swagger-ui.css [36m304[0m 1.584 ms - -[0m
[2026-08-29 13:03:00] HTTP: [0mGET /api-docs/swagger-ui-bundle.js [36m304[0m 1.760 ms - -[0m
[2026-08-29 13:03:00] HTTP: [0mGET /api-docs/swagger-ui-standalone-preset.js [36m304[0m 4.521 ms - -[0m
[2026-08-29 13:03:00] HTTP: [0mGET /api-docs/swagger-ui-bundle.js [36m304[0m 1.039 ms - -[0m
[2026-08-29 13:03:00] HTTP: [0mGET /api-docs/swagger-ui-init.js [32m200[0m 1.759 ms - -[0m
[2026-08-29 13:03:00] HTTP: [0mGET /api-docs/swagger-ui-standalone-preset.js [36m304[0m 0.687 ms - -[0m
[2026-08-29 13:03:00] HTTP: [0mGET /api-docs/favicon-32x32.png [36m304[0m 0.787 ms - -[0m
[2026-08-29 13:03:00] HTTP: [0mGET /api-docs/swagger-ui-init.js [32m200[0m 1.022 ms - -[0m
[2026-08-29 13:03:27] HTTP: [0mGET /api/v1/admin/notifications?page=1&limit=10 [33m401[0m 2.008 ms - 63[0m
[2026-08-29 13:14:28] INFO: Server running on port 5000 in development mode
[2026-08-29 13:14:45] HTTP: [0mGET /api-docs/ [36m304[0m 4.024 ms - -[0m
[2026-08-29 13:14:45] HTTP: [0mGET /api-docs/swagger-ui.css [36m304[0m 2.891 ms - -[0m
[2026-08-29 13:14:45] HTTP: [0mGET /api-docs/swagger-ui-bundle.js [36m304[0m 5.452 ms - -[0m
[2026-08-29 13:14:45] HTTP: [0mGET /api-docs/swagger-ui-standalone-preset.js [36m304[0m 4.182 ms - -[0m
[2026-08-29 13:14:45] HTTP: [0mGET /api-docs/swagger-ui-init.js [32m200[0m 2.021 ms - -[0m
[2026-08-29 13:14:45] HTTP: [0mGET /api-docs/swagger-ui-bundle.js [36m304[0m 1.040 ms - -[0m
[2026-08-29 13:14:45] HTTP: [0mGET /api-docs/swagger-ui-standalone-preset.js [36m304[0m 1.263 ms - -[0m
[2026-08-29 13:14:45] HTTP: [0mGET /api-docs/swagger-ui-init.js [32m200[0m 1.001 ms - -[0m
[2026-08-29 13:14:45] HTTP: [0mGET /api-docs/favicon-32x32.png [36m304[0m 2.523 ms - -[0m
[2026-08-29 13:15:13] WARN: SIGINT received. Shutting down gracefully...
[2026-08-31 11:11:04] INFO: Server running on port 5000 in development mode
[2026-08-31 11:11:04] WARN: SIGINT received. Shutting down gracefully...
[2026-08-31 11:11:19] INFO: Server running on port 5000 in development mode
[2026-08-31 11:41:42] INFO: Server running on port 5000 in development mode
[2026-08-31 11:41:53] INFO: Server running on port 5000 in development mode
[2026-08-31 11:42:41] INFO: Server running on port 5000 in development mode
[2026-08-31 11:43:11] INFO: Server running on port 5000 in development mode
[2026-08-31 11:43:39] INFO: Server running on port 5000 in development mode
[2026-08-31 11:44:06] INFO: Server running on port 5000 in development mode
[2026-08-31 11:44:38] INFO: Server running on port 5000 in development mode
[2026-08-31 11:44:48] INFO: Server running on port 5000 in development mode
[2026-08-31 11:45:03] INFO: Server running on port 5000 in development mode
[2026-08-31 11:52:21] WARN: SIGINT received. Shutting down gracefully...
[2026-08-31 14:49:05] INFO: Server running on port 5000 in development mode
[2026-08-31 14:49:05] HTTP: [0mOPTIONS /api/v1/auth/me [32m204[0m 1.844 ms - 0[0m
[2026-08-31 14:49:05] HTTP: [0mOPTIONS /api/v1/admin/inventory?page=1&limit=15&search=&warehouseId= [32m204[0m 0.516 ms - 0[0m
[2026-08-31 14:49:05] HTTP: [0mOPTIONS /api/v1/admin/get-warehouses [32m204[0m 0.390 ms - 0[0m
[2026-08-31 14:49:05] HTTP: [0mOPTIONS /api/v1/admin/inventory?page=1&limit=15&search=&warehouseId= [32m204[0m 0.112 ms - 0[0m
[2026-08-31 14:49:05] HTTP: [0mOPTIONS /api/v1/admin/get-warehouses [32m204[0m 0.228 ms - 0[0m
[2026-08-31 14:49:05] HTTP: [0mGET /api/v1/admin/get-warehouses [33m401[0m 13.536 ms - 63[0m
[2026-08-31 14:49:05] HTTP: [0mGET /api/v1/admin/inventory?page=1&limit=15&search=&warehouseId= [33m401[0m 4.426 ms - 63[0m
[2026-08-31 14:49:05] HTTP: [0mGET /api/v1/admin/inventory?page=1&limit=15&search=&warehouseId= [33m401[0m 1.814 ms - 63[0m
[2026-08-31 14:49:05] HTTP: [0mGET /api/v1/auth/me [33m401[0m 2.468 ms - 63[0m
[2026-08-31 14:49:05] HTTP: [0mOPTIONS /api/v1/auth/refresh-token [32m204[0m 0.211 ms - 0[0m
[2026-08-31 14:49:05] HTTP: [0mGET /api/v1/admin/get-warehouses [33m401[0m 1.434 ms - 63[0m
[2026-08-31 14:49:12] HTTP: [0mPOST /api/v1/auth/refresh-token [32m200[0m 7334.190 ms - 515[0m
[2026-08-31 14:49:12] HTTP: [0mOPTIONS /api/v1/admin/get-warehouses [32m204[0m 0.157 ms - 0[0m
[2026-08-31 14:49:12] HTTP: [0mOPTIONS /api/v1/admin/inventory?page=1&limit=15&search=&warehouseId= [32m204[0m 0.114 ms - 0[0m
[2026-08-31 14:49:12] HTTP: [0mOPTIONS /api/v1/admin/inventory?page=1&limit=15&search=&warehouseId= [32m204[0m 0.116 ms - 0[0m
[2026-08-31 14:49:12] HTTP: [0mOPTIONS /api/v1/auth/me [32m204[0m 0.127 ms - 0[0m
[2026-08-31 14:49:12] HTTP: [0mOPTIONS /api/v1/admin/get-warehouses [32m204[0m 0.065 ms - 0[0m
[2026-08-31 14:49:12] HTTP: [0mGET /api/v1/admin/get-warehouses [33m403[0m 105.873 ms - 90[0m
[2026-08-31 14:49:12] HTTP: [0mGET /api/v1/admin/inventory?page=1&limit=15&search=&warehouseId= [33m403[0m 130.924 ms - 89[0m
[2026-08-31 14:49:12] HTTP: [0mGET /api/v1/admin/inventory?page=1&limit=15&search=&warehouseId= [33m403[0m 138.607 ms - 89[0m
[2026-08-31 14:49:12] HTTP: [0mGET /api/v1/auth/me [32m200[0m 168.992 ms - 309[0m
[2026-08-31 14:49:12] HTTP: [0mGET /api/v1/admin/get-warehouses [33m403[0m 169.767 ms - 90[0m
[2026-08-31 14:49:12] HTTP: [0mGET /api/v1/admin/get-warehouses [33m403[0m 34.070 ms - 90[0m
[2026-08-31 14:49:18] HTTP: [0mOPTIONS /api/v1/auth/me [32m204[0m 0.287 ms - 0[0m
[2026-08-31 14:49:18] HTTP: [0mOPTIONS /api/v1/auth/me [32m204[0m 0.076 ms - 0[0m
[2026-08-31 14:49:18] HTTP: [0mGET /api/v1/auth/me [32m200[0m 60.052 ms - 240[0m
[2026-08-31 14:49:18] HTTP: [0mGET /api/v1/auth/me [36m304[0m 58.292 ms - -[0m
[2026-08-31 14:49:18] HTTP: [0mOPTIONS /api/v1/admin/dashboard [32m204[0m 0.120 ms - 0[0m
[2026-08-31 14:49:18] HTTP: [0mOPTIONS /api/v1/admin/dashboard [32m204[0m 0.059 ms - 0[0m
[2026-08-31 14:49:18] HTTP: [0mGET /api/v1/admin/dashboard [32m200[0m 176.865 ms - 308[0m
[2026-08-31 14:49:18] HTTP: [0mGET /api/v1/admin/dashboard [36m304[0m 179.243 ms - -[0m
[2026-08-31 14:49:19] HTTP: [0mOPTIONS /api/v1/auth/me [32m204[0m 0.114 ms - 0[0m
[2026-08-31 14:49:19] HTTP: [0mOPTIONS /api/v1/auth/me [32m204[0m 0.074 ms - 0[0m
[2026-08-31 14:49:19] HTTP: [0mGET /api/v1/auth/me [36m304[0m 58.084 ms - -[0m
[2026-08-31 14:49:19] HTTP: [0mGET /api/v1/auth/me [32m200[0m 58.314 ms - 309[0m
[2026-08-31 14:49:19] HTTP: [0mOPTIONS /api/v1/admin/get-warehouses [32m204[0m 0.133 ms - 0[0m
[2026-08-31 14:49:19] HTTP: [0mOPTIONS /api/v1/admin/inventory?page=1&limit=15&search=&warehouseId= [32m204[0m 0.076 ms - 0[0m
[2026-08-31 14:49:19] HTTP: [0mOPTIONS /api/v1/admin/get-warehouses [32m204[0m 0.042 ms - 0[0m
[2026-08-31 14:49:19] HTTP: [0mOPTIONS /api/v1/admin/inventory?page=1&limit=15&search=&warehouseId= [32m204[0m 0.053 ms - 0[0m
[2026-08-31 14:49:19] HTTP: [0mGET /api/v1/admin/get-warehouses [33m403[0m 56.190 ms - 90[0m
[2026-08-31 14:49:19] HTTP: [0mGET /api/v1/admin/get-warehouses [33m403[0m 60.727 ms - 90[0m
[2026-08-31 14:49:19] HTTP: [0mGET /api/v1/admin/inventory?page=1&limit=15&search=&warehouseId= [33m403[0m 66.667 ms - 89[0m
[2026-08-31 14:49:19] HTTP: [0mGET /api/v1/admin/inventory?page=1&limit=15&search=&warehouseId= [33m403[0m 85.766 ms - 89[0m
[2026-08-31 14:49:20] HTTP: [0mGET /api/v1/auth/me [36m304[0m 58.931 ms - -[0m
[2026-08-31 14:49:20] HTTP: [0mGET /api/v1/auth/me [36m304[0m 59.692 ms - -[0m
[2026-08-31 14:49:20] HTTP: [0mOPTIONS /api/v1/admin/get-staff [32m204[0m 0.205 ms - 0[0m
[2026-08-31 14:49:20] HTTP: [0mOPTIONS /api/v1/admin/get-staff [32m204[0m 0.140 ms - 0[0m
[2026-08-31 14:49:20] HTTP: [0mGET /api/v1/admin/get-staff [32m200[0m 188.171 ms - -[0m
[2026-08-31 14:49:20] HTTP: [0mGET /api/v1/admin/get-staff [36m304[0m 173.662 ms - -[0m
[2026-08-31 14:49:22] HTTP: [0mOPTIONS /api/v1/auth/logout [32m204[0m 0.147 ms - 0[0m
[2026-08-31 14:49:22] HTTP: [0mPOST /api/v1/auth/logout [32m200[0m 62.233 ms - 52[0m
[2026-08-31 14:49:29] HTTP: [0mOPTIONS /api/v1/admin/get-staff [32m204[0m 0.146 ms - 0[0m
[2026-08-31 14:49:29] HTTP: [0mOPTIONS /api/v1/admin/get-staff [32m204[0m 0.128 ms - 0[0m
[2026-08-31 14:49:29] HTTP: [0mGET /api/v1/admin/get-staff [36m304[0m 172.297 ms - -[0m
[2026-08-31 14:49:29] HTTP: [0mGET /api/v1/admin/get-staff [36m304[0m 182.615 ms - -[0m
[2026-08-31 14:50:41] HTTP: [0mOPTIONS /api/v1/auth/me [32m204[0m 0.086 ms - 0[0m
[2026-08-31 14:50:41] HTTP: [0mOPTIONS /api/v1/auth/me [32m204[0m 0.039 ms - 0[0m
[2026-08-31 14:50:41] HTTP: [0mGET /api/v1/auth/me [32m200[0m 55.979 ms - 309[0m
[2026-08-31 14:50:41] HTTP: [0mGET /api/v1/auth/me [36m304[0m 66.462 ms - -[0m
[2026-08-31 14:50:42] HTTP: [0mOPTIONS /api/v1/admin/get-warehouses [32m204[0m 0.107 ms - 0[0m
[2026-08-31 14:50:42] HTTP: [0mOPTIONS /api/v1/admin/inventory?page=1&limit=15&search=&warehouseId= [32m204[0m 0.124 ms - 0[0m
[2026-08-31 14:50:42] HTTP: [0mOPTIONS /api/v1/admin/inventory?page=1&limit=15&search=&warehouseId= [32m204[0m 0.082 ms - 0[0m
[2026-08-31 14:50:42] HTTP: [0mOPTIONS /api/v1/admin/get-warehouses [32m204[0m 0.067 ms - 0[0m
[2026-08-31 14:50:42] HTTP: [0mGET /api/v1/admin/inventory?page=1&limit=15&search=&warehouseId= [33m403[0m 32.553 ms - 89[0m
[2026-08-31 14:50:42] HTTP: [0mGET /api/v1/admin/inventory?page=1&limit=15&search=&warehouseId= [33m403[0m 41.771 ms - 89[0m
[2026-08-31 14:50:42] HTTP: [0mGET /api/v1/admin/get-warehouses [33m403[0m 56.655 ms - 90[0m
[2026-08-31 14:50:42] HTTP: [0mGET /api/v1/admin/get-warehouses [33m403[0m 55.044 ms - 90[0m
[2026-08-31 14:50:42] HTTP: [0mOPTIONS /api/v1/categories?page=1&limit=10&search=&status= [32m204[0m 0.146 ms - 0[0m
[2026-08-31 14:50:42] HTTP: [0mOPTIONS /api/v1/categories?page=1&limit=10&search=&status= [32m204[0m 0.072 ms - 0[0m
[2026-08-31 14:50:42] HTTP: [0mGET /api/v1/categories?page=1&limit=10&search=&status= [32m200[0m 43.126 ms - -[0m
[2026-08-31 14:50:42] HTTP: [0mGET /api/v1/categories?page=1&limit=10&search=&status= [32m200[0m 59.231 ms - -[0m
[2026-08-31 14:50:43] HTTP: [0mOPTIONS /api/v1/categories [32m204[0m 0.086 ms - 0[0m
[2026-08-31 14:50:43] HTTP: [0mOPTIONS /api/v1/sub-categories?page=1&limit=10&search=&status=&category_id= [32m204[0m 0.048 ms - 0[0m
[2026-08-31 14:50:43] HTTP: [0mOPTIONS /api/v1/categories [32m204[0m 0.061 ms - 0[0m
[2026-08-31 14:50:43] HTTP: [0mOPTIONS /api/v1/sub-categories?page=1&limit=10&search=&status=&category_id= [32m204[0m 0.118 ms - 0[0m
[2026-08-31 14:50:43] HTTP: [0mGET /api/v1/categories [32m200[0m 59.004 ms - -[0m
[2026-08-31 14:50:43] HTTP: [0mGET /api/v1/categories [32m200[0m 56.774 ms - -[0m
[2026-08-31 14:50:43] HTTP: [0mGET /api/v1/sub-categories?page=1&limit=10&search=&status=&category_id= [32m200[0m 70.732 ms - -[0m
[2026-08-31 14:50:43] HTTP: [0mGET /api/v1/sub-categories?page=1&limit=10&search=&status=&category_id= [32m200[0m 75.027 ms - -[0m
[2026-08-31 14:50:44] HTTP: [0mGET /api/v1/categories?page=1&limit=10&search=&status= [36m304[0m 36.337 ms - -[0m
[2026-08-31 14:50:44] HTTP: [0mGET /api/v1/categories?page=1&limit=10&search=&status= [32m200[0m 65.502 ms - -[0m
[2026-08-31 14:50:47] HTTP: [0mOPTIONS /api/v1/auth/logout [32m204[0m 0.084 ms - 0[0m
[2026-08-31 14:50:47] HTTP: [0mPOST /api/v1/auth/logout [32m200[0m 188.591 ms - 52[0m
[2026-08-31 14:51:00] HTTP: [0mOPTIONS /api/v1/auth/login [32m204[0m 0.084 ms - 0[0m
[2026-08-31 14:51:00] HTTP: [0mPOST /api/v1/auth/login [32m200[0m 308.833 ms - 853[0m
[2026-08-31 14:51:02] HTTP: [0mOPTIONS /api/v1/categories?page=1&limit=10&search=&status= [32m204[0m 0.097 ms - 0[0m
[2026-08-31 14:51:02] HTTP: [0mGET /api/v1/categories?page=1&limit=10&search=&status= [32m200[0m 34.043 ms - -[0m
[2026-08-31 14:51:02] HTTP: [0mGET /api/v1/categories?page=1&limit=10&search=&status= [36m304[0m 60.314 ms - -[0m
[2026-08-31 14:51:04] HTTP: [0mOPTIONS /api/v1/categories [32m204[0m 0.112 ms - 0[0m
[2026-08-31 14:51:04] HTTP: [0mOPTIONS /api/v1/sub-categories?page=1&limit=10&search=&status=&category_id= [32m204[0m 0.056 ms - 0[0m
[2026-08-31 14:51:04] HTTP: [0mOPTIONS /api/v1/categories [32m204[0m 0.042 ms - 0[0m
[2026-08-31 14:51:04] HTTP: [0mOPTIONS /api/v1/sub-categories?page=1&limit=10&search=&status=&category_id= [32m204[0m 0.037 ms - 0[0m
[2026-08-31 14:51:04] HTTP: [0mGET /api/v1/categories [36m304[0m 60.450 ms - -[0m
[2026-08-31 14:51:04] HTTP: [0mGET /api/v1/categories [32m200[0m 57.112 ms - -[0m
[2026-08-31 14:51:04] HTTP: [0mGET /api/v1/sub-categories?page=1&limit=10&search=&status=&category_id= [36m304[0m 65.859 ms - -[0m
[2026-08-31 14:51:04] HTTP: [0mGET /api/v1/sub-categories?page=1&limit=10&search=&status=&category_id= [32m200[0m 67.548 ms - -[0m
[2026-08-31 14:51:05] HTTP: [0mOPTIONS /api/v1/sub-categories [32m204[0m 0.068 ms - 0[0m
[2026-08-31 14:51:05] HTTP: [0mOPTIONS /api/v1/products?page=1&limit=10&search=&category=&subCategory=&status= [32m204[0m 0.054 ms - 0[0m
[2026-08-31 14:51:05] HTTP: [0mOPTIONS /api/v1/sub-categories [32m204[0m 0.034 ms - 0[0m
[2026-08-31 14:51:05] HTTP: [0mOPTIONS /api/v1/products?page=1&limit=10&search=&category=&subCategory=&status= [32m204[0m 0.039 ms - 0[0m
[2026-08-31 14:51:05] HTTP: [0mGET /api/v1/categories [36m304[0m 35.549 ms - -[0m
[2026-08-31 14:51:05] HTTP: [0mGET /api/v1/categories [32m200[0m 60.310 ms - -[0m
[2026-08-31 14:51:05] HTTP: [0mGET /api/v1/sub-categories [32m200[0m 68.585 ms - -[0m
[2026-08-31 14:51:05] HTTP: [0mGET /api/v1/products?page=1&limit=10&search=&category=&subCategory=&status= [32m200[0m 71.254 ms - -[0m
[2026-08-31 14:51:05] HTTP: [0mGET /api/v1/sub-categories [32m200[0m 81.388 ms - -[0m
[2026-08-31 14:51:07] HTTP: [0mGET /api/v1/products?page=1&limit=10&search=&category=&subCategory=&status= [32m200[0m 1485.731 ms - -[0m
[2026-08-31 14:51:07] HTTP: [0mOPTIONS /api/v1/categories?page=1&limit=10&search=&status= [32m204[0m 0.121 ms - 0[0m
[2026-08-31 14:51:07] HTTP: [0mOPTIONS /api/v1/categories?page=1&limit=10&search=&status= [32m204[0m 0.046 ms - 0[0m
[2026-08-31 14:51:07] HTTP: [0mGET /api/v1/categories?page=1&limit=10&search=&status= [36m304[0m 59.592 ms - -[0m
[2026-08-31 14:51:07] HTTP: [0mGET /api/v1/categories?page=1&limit=10&search=&status= [32m200[0m 58.226 ms - -[0m
[2026-08-31 14:51:08] HTTP: [0mOPTIONS /api/v1/admin/dashboard [32m204[0m 0.083 ms - 0[0m
[2026-08-31 14:51:08] HTTP: [0mOPTIONS /api/v1/admin/dashboard [32m204[0m 0.054 ms - 0[0m
[2026-08-31 14:51:08] HTTP: [0mGET /api/v1/admin/dashboard [33m403[0m 64.071 ms - 89[0m
[2026-08-31 14:51:08] HTTP: [0mGET /api/v1/admin/dashboard [33m403[0m 63.667 ms - 89[0m
[2026-08-31 14:52:49] HTTP: [0mOPTIONS /api/v1/auth/me [32m204[0m 0.080 ms - 0[0m
[2026-08-31 14:52:49] HTTP: [0mOPTIONS /api/v1/auth/me [32m204[0m 0.067 ms - 0[0m
[2026-08-31 14:52:49] HTTP: [0mGET /api/v1/auth/me [36m304[0m 57.844 ms - -[0m
[2026-08-31 14:52:49] HTTP: [0mGET /api/v1/auth/me [32m200[0m 57.835 ms - 309[0m
[2026-08-31 14:52:49] HTTP: [0mOPTIONS /api/v1/admin/dashboard [32m204[0m 0.103 ms - 0[0m
[2026-08-31 14:52:49] HTTP: [0mOPTIONS /api/v1/admin/dashboard [32m204[0m 0.041 ms - 0[0m
[2026-08-31 14:52:49] HTTP: [0mGET /api/v1/admin/dashboard [33m403[0m 57.017 ms - 89[0m
[2026-08-31 14:52:49] HTTP: [0mGET /api/v1/admin/dashboard [33m403[0m 59.652 ms - 89[0m
[2026-08-31 14:52:50] HTTP: [0mOPTIONS /api/v1/categories [32m204[0m 0.085 ms - 0[0m
[2026-08-31 14:52:50] HTTP: [0mOPTIONS /api/v1/sub-categories?page=1&limit=10&search=&status=&category_id= [32m204[0m 0.056 ms - 0[0m
[2026-08-31 14:52:50] HTTP: [0mOPTIONS /api/v1/categories [32m204[0m 0.048 ms - 0[0m
[2026-08-31 14:52:50] HTTP: [0mOPTIONS /api/v1/sub-categories?page=1&limit=10&search=&status=&category_id= [32m204[0m 0.037 ms - 0[0m
[2026-08-31 14:52:50] HTTP: [0mGET /api/v1/categories [32m200[0m 35.987 ms - -[0m
[2026-08-31 14:52:50] HTTP: [0mGET /api/v1/categories [36m304[0m 56.382 ms - -[0m
[2026-08-31 14:52:50] HTTP: [0mGET /api/v1/sub-categories?page=1&limit=10&search=&status=&category_id= [36m304[0m 70.018 ms - -[0m
[2026-08-31 14:52:50] HTTP: [0mGET /api/v1/sub-categories?page=1&limit=10&search=&status=&category_id= [32m200[0m 112.130 ms - -[0m
[2026-08-31 14:52:51] HTTP: [0mOPTIONS /api/v1/sub-categories [32m204[0m 0.060 ms - 0[0m
[2026-08-31 14:52:51] HTTP: [0mOPTIONS /api/v1/products?page=1&limit=10&search=&category=&subCategory=&status= [32m204[0m 0.050 ms - 0[0m
[2026-08-31 14:52:51] HTTP: [0mOPTIONS /api/v1/products?page=1&limit=10&search=&category=&subCategory=&status= [32m204[0m 0.108 ms - 0[0m
[2026-08-31 14:52:51] HTTP: [0mOPTIONS /api/v1/sub-categories [32m204[0m 0.075 ms - 0[0m
[2026-08-31 14:52:51] HTTP: [0mGET /api/v1/categories [36m304[0m 61.529 ms - -[0m
[2026-08-31 14:52:51] HTTP: [0mGET /api/v1/categories [32m200[0m 60.463 ms - -[0m
[2026-08-31 14:52:51] HTTP: [0mGET /api/v1/products?page=1&limit=10&search=&category=&subCategory=&status= [36m304[0m 70.864 ms - -[0m
[2026-08-31 14:52:51] HTTP: [0mGET /api/v1/sub-categories [32m200[0m 72.327 ms - -[0m
[2026-08-31 14:52:51] HTTP: [0mGET /api/v1/sub-categories [36m304[0m 87.155 ms - -[0m
[2026-08-31 14:52:51] HTTP: [0mGET /api/v1/products?page=1&limit=10&search=&category=&subCategory=&status= [32m200[0m 86.078 ms - -[0m
[2026-08-31 14:52:51] HTTP: [0mOPTIONS /api/v1/categories?page=1&limit=10&search=&status= [32m204[0m 0.149 ms - 0[0m
[2026-08-31 14:52:51] HTTP: [0mOPTIONS /api/v1/categories?page=1&limit=10&search=&status= [32m204[0m 0.137 ms - 0[0m
[2026-08-31 14:52:51] HTTP: [0mGET /api/v1/categories?page=1&limit=10&search=&status= [32m200[0m 35.945 ms - -[0m
[2026-08-31 14:52:51] HTTP: [0mGET /api/v1/categories?page=1&limit=10&search=&status= [36m304[0m 39.696 ms - -[0m
[2026-08-31 14:52:52] HTTP: [0mOPTIONS /api/v1/admin/get-warehouses [32m204[0m 0.082 ms - 0[0m
[2026-08-31 14:52:52] HTTP: [0mOPTIONS /api/v1/admin/inventory?page=1&limit=15&search=&warehouseId= [32m204[0m 0.071 ms - 0[0m
[2026-08-31 14:52:52] HTTP: [0mOPTIONS /api/v1/admin/get-warehouses [32m204[0m 0.154 ms - 0[0m
[2026-08-31 14:52:52] HTTP: [0mOPTIONS /api/v1/admin/inventory?page=1&limit=15&search=&warehouseId= [32m204[0m 0.036 ms - 0[0m
[2026-08-31 14:52:52] HTTP: [0mGET /api/v1/admin/inventory?page=1&limit=15&search=&warehouseId= [33m403[0m 45.551 ms - 89[0m
[2026-08-31 14:52:52] HTTP: [0mGET /api/v1/admin/get-warehouses [33m403[0m 48.148 ms - 90[0m
[2026-08-31 14:52:52] HTTP: [0mGET /api/v1/admin/inventory?page=1&limit=15&search=&warehouseId= [33m403[0m 53.292 ms - 89[0m
[2026-08-31 14:52:52] HTTP: [0mGET /api/v1/admin/get-warehouses [33m403[0m 55.614 ms - 90[0m
[2026-08-31 14:53:06] HTTP: [0mGET /api/v1/auth/me [33m401[0m 0.338 ms - 63[0m
[2026-08-31 14:53:06] HTTP: [0mGET /api/v1/auth/me [33m401[0m 0.198 ms - 63[0m
[2026-08-31 14:53:06] HTTP: [0mOPTIONS /api/v1/auth/refresh-token [32m204[0m 0.045 ms - 0[0m
[2026-08-31 14:53:06] HTTP: [0mPOST /api/v1/auth/refresh-token [33m400[0m 0.357 ms - 55[0m
[2026-08-31 14:54:08] HTTP: [0mOPTIONS /api/v1/auth/me [32m204[0m 0.079 ms - 0[0m
[2026-08-31 14:54:08] HTTP: [0mOPTIONS /api/v1/auth/me [32m204[0m 0.034 ms - 0[0m
[2026-08-31 14:54:08] HTTP: [0mGET /api/v1/auth/me [36m304[0m 40.112 ms - -[0m
[2026-08-31 14:54:08] HTTP: [0mGET /api/v1/auth/me [32m200[0m 42.865 ms - 309[0m
[2026-08-31 14:54:09] HTTP: [0mOPTIONS /api/v1/admin/get-warehouses [32m204[0m 0.077 ms - 0[0m
[2026-08-31 14:54:09] HTTP: [0mOPTIONS /api/v1/admin/inventory?page=1&limit=15&search=&warehouseId= [32m204[0m 0.052 ms - 0[0m
[2026-08-31 14:54:09] HTTP: [0mOPTIONS /api/v1/admin/get-warehouses [32m204[0m 0.031 ms - 0[0m
[2026-08-31 14:54:09] HTTP: [0mOPTIONS /api/v1/admin/inventory?page=1&limit=15&search=&warehouseId= [32m204[0m 0.375 ms - 0[0m
[2026-08-31 14:54:09] HTTP: [0mGET /api/v1/admin/inventory?page=1&limit=15&search=&warehouseId= [33m403[0m 55.898 ms - 89[0m
[2026-08-31 14:54:09] HTTP: [0mGET /api/v1/admin/get-warehouses [33m403[0m 58.153 ms - 90[0m
[2026-08-31 14:54:09] HTTP: [0mGET /api/v1/admin/inventory?page=1&limit=15&search=&warehouseId= [33m403[0m 65.434 ms - 89[0m
[2026-08-31 14:54:09] HTTP: [0mGET /api/v1/admin/get-warehouses [33m403[0m 67.475 ms - 90[0m
[2026-08-31 14:54:10] HTTP: [0mOPTIONS /api/v1/categories?page=1&limit=10&search=&status= [32m204[0m 0.088 ms - 0[0m
[2026-08-31 14:54:10] HTTP: [0mGET /api/v1/categories?page=1&limit=10&search=&status= [36m304[0m 43.267 ms - -[0m
[2026-08-31 14:54:10] HTTP: [0mGET /api/v1/categories?page=1&limit=10&search=&status= [36m304[0m 46.517 ms - -[0m
[2026-08-31 14:54:10] HTTP: [0mOPTIONS /api/v1/categories [32m204[0m 0.086 ms - 0[0m
[2026-08-31 14:54:10] HTTP: [0mOPTIONS /api/v1/sub-categories?page=1&limit=10&search=&status=&category_id= [32m204[0m 0.052 ms - 0[0m
[2026-08-31 14:54:10] HTTP: [0mOPTIONS /api/v1/categories [32m204[0m 0.035 ms - 0[0m
[2026-08-31 14:54:10] HTTP: [0mOPTIONS /api/v1/sub-categories?page=1&limit=10&search=&status=&category_id= [32m204[0m 0.030 ms - 0[0m
[2026-08-31 14:54:11] HTTP: [0mGET /api/v1/categories [36m304[0m 36.966 ms - -[0m
[2026-08-31 14:54:11] HTTP: [0mGET /api/v1/categories [32m200[0m 44.189 ms - -[0m
[2026-08-31 14:54:11] HTTP: [0mGET /api/v1/sub-categories?page=1&limit=10&search=&status=&category_id= [32m200[0m 70.259 ms - -[0m
[2026-08-31 14:54:11] HTTP: [0mGET /api/v1/sub-categories?page=1&limit=10&search=&status=&category_id= [36m304[0m 115.817 ms - -[0m
[2026-08-31 14:54:11] HTTP: [0mOPTIONS /api/v1/sub-categories [32m204[0m 0.051 ms - 0[0m
[2026-08-31 14:54:11] HTTP: [0mOPTIONS /api/v1/sub-categories [32m204[0m 0.141 ms - 0[0m
[2026-08-31 14:54:11] HTTP: [0mOPTIONS /api/v1/products?page=1&limit=10&search=&category=&subCategory=&status= [32m204[0m 0.055 ms - 0[0m
[2026-08-31 14:54:11] HTTP: [0mOPTIONS /api/v1/products?page=1&limit=10&search=&category=&subCategory=&status= [32m204[0m 0.035 ms - 0[0m
[2026-08-31 14:54:11] HTTP: [0mGET /api/v1/categories [36m304[0m 68.584 ms - -[0m
[2026-08-31 14:54:11] HTTP: [0mGET /api/v1/categories [32m200[0m 69.059 ms - -[0m
[2026-08-31 14:54:11] HTTP: [0mGET /api/v1/sub-categories [32m200[0m 73.449 ms - -[0m
[2026-08-31 14:54:11] HTTP: [0mGET /api/v1/sub-categories [36m304[0m 76.912 ms - -[0m
[2026-08-31 14:54:11] HTTP: [0mGET /api/v1/products?page=1&limit=10&search=&category=&subCategory=&status= [36m304[0m 102.008 ms - -[0m
[2026-08-31 14:54:12] HTTP: [0mGET /api/v1/products?page=1&limit=10&search=&category=&subCategory=&status= [32m200[0m 127.171 ms - -[0m
[2026-08-31 14:54:12] HTTP: [0mGET /api/v1/admin/inventory?page=1&limit=15&search=&warehouseId= [33m403[0m 32.288 ms - 89[0m
[2026-08-31 14:54:12] HTTP: [0mGET /api/v1/admin/get-warehouses [33m403[0m 40.749 ms - 90[0m
[2026-08-31 14:54:12] HTTP: [0mGET /api/v1/admin/get-warehouses [33m403[0m 56.367 ms - 90[0m
[2026-08-31 14:54:12] HTTP: [0mGET /api/v1/admin/inventory?page=1&limit=15&search=&warehouseId= [33m403[0m 57.015 ms - 89[0m
[2026-08-31 14:54:18] HTTP: [0mOPTIONS /api/v1/categories [32m204[0m 0.104 ms - 0[0m
[2026-08-31 14:54:18] HTTP: [0mOPTIONS /api/v1/sub-categories?page=1&limit=10&search=&status=&category_id= [32m204[0m 0.088 ms - 0[0m
[2026-08-31 14:54:18] HTTP: [0mOPTIONS /api/v1/categories [32m204[0m 0.054 ms - 0[0m
[2026-08-31 14:54:18] HTTP: [0mOPTIONS /api/v1/sub-categories?page=1&limit=10&search=&status=&category_id= [32m204[0m 0.042 ms - 0[0m
[2026-08-31 14:54:18] HTTP: [0mGET /api/v1/categories [32m200[0m 36.510 ms - -[0m
[2026-08-31 14:54:18] HTTP: [0mGET /api/v1/categories [36m304[0m 62.185 ms - -[0m
[2026-08-31 14:54:18] HTTP: [0mGET /api/v1/sub-categories?page=1&limit=10&search=&status=&category_id= [36m304[0m 70.657 ms - -[0m
[2026-08-31 14:54:18] HTTP: [0mGET /api/v1/sub-categories?page=1&limit=10&search=&status=&category_id= [32m200[0m 115.800 ms - -[0m
[2026-08-31 14:54:19] HTTP: [0mOPTIONS /api/v1/sub-categories [32m204[0m 0.075 ms - 0[0m
[2026-08-31 14:54:19] HTTP: [0mOPTIONS /api/v1/products?page=1&limit=10&search=&category=&subCategory=&status= [32m204[0m 0.065 ms - 0[0m
[2026-08-31 14:54:19] HTTP: [0mOPTIONS /api/v1/products?page=1&limit=10&search=&category=&subCategory=&status= [32m204[0m 0.129 ms - 0[0m
[2026-08-31 14:54:19] HTTP: [0mOPTIONS /api/v1/sub-categories [32m204[0m 0.040 ms - 0[0m
[2026-08-31 14:54:19] HTTP: [0mGET /api/v1/categories [36m304[0m 86.017 ms - -[0m
[2026-08-31 14:54:19] HTTP: [0mGET /api/v1/categories [32m200[0m 85.815 ms - -[0m
[2026-08-31 14:54:19] HTTP: [0mGET /api/v1/products?page=1&limit=10&search=&category=&subCategory=&status= [36m304[0m 108.908 ms - -[0m
[2026-08-31 14:54:19] HTTP: [0mGET /api/v1/sub-categories [32m200[0m 104.922 ms - -[0m
[2026-08-31 14:54:19] HTTP: [0mGET /api/v1/sub-categories [36m304[0m 118.806 ms - -[0m
[2026-08-31 14:54:20] HTTP: [0mGET /api/v1/products?page=1&limit=10&search=&category=&subCategory=&status= [32m200[0m 121.718 ms - -[0m
[2026-08-31 14:54:20] HTTP: [0mGET /api/v1/categories [32m200[0m 36.428 ms - -[0m
[2026-08-31 14:54:20] HTTP: [0mGET /api/v1/categories [36m304[0m 41.799 ms - -[0m
[2026-08-31 14:54:20] HTTP: [0mGET /api/v1/sub-categories?page=1&limit=10&search=&status=&category_id= [36m304[0m 68.938 ms - -[0m
[2026-08-31 14:54:20] HTTP: [0mGET /api/v1/sub-categories?page=1&limit=10&search=&status=&category_id= [32m200[0m 115.074 ms - -[0m
[2026-08-31 14:54:21] HTTP: [0mOPTIONS /api/v1/categories?page=1&limit=10&search=&status= [32m204[0m 0.083 ms - 0[0m
[2026-08-31 14:54:21] HTTP: [0mOPTIONS /api/v1/categories?page=1&limit=10&search=&status= [32m204[0m 0.038 ms - 0[0m
[2026-08-31 14:54:21] HTTP: [0mGET /api/v1/categories?page=1&limit=10&search=&status= [36m304[0m 58.453 ms - -[0m
[2026-08-31 14:54:21] HTTP: [0mGET /api/v1/categories?page=1&limit=10&search=&status= [32m200[0m 59.109 ms - -[0m
[2026-08-31 14:54:22] HTTP: [0mGET /api/v1/categories [32m200[0m 41.622 ms - -[0m
[2026-08-31 14:54:22] HTTP: [0mGET /api/v1/categories [36m304[0m 56.701 ms - -[0m
[2026-08-31 14:54:22] HTTP: [0mGET /api/v1/sub-categories?page=1&limit=10&search=&status=&category_id= [36m304[0m 71.941 ms - -[0m
[2026-08-31 14:54:22] HTTP: [0mGET /api/v1/sub-categories?page=1&limit=10&search=&status=&category_id= [32m200[0m 70.210 ms - -[0m
[2026-08-31 14:54:23] HTTP: [0mGET /api/v1/categories [36m304[0m 36.451 ms - -[0m
[2026-08-31 14:54:23] HTTP: [0mGET /api/v1/categories [32m200[0m 35.230 ms - -[0m
[2026-08-31 14:54:23] HTTP: [0mGET /api/v1/products?page=1&limit=10&search=&category=&subCategory=&status= [32m200[0m 72.386 ms - -[0m
[2026-08-31 14:54:23] HTTP: [0mGET /api/v1/products?page=1&limit=10&search=&category=&subCategory=&status= [36m304[0m 84.221 ms - -[0m
[2026-08-31 14:54:23] HTTP: [0mGET /api/v1/sub-categories [36m304[0m 118.194 ms - -[0m
[2026-08-31 14:54:23] HTTP: [0mGET /api/v1/sub-categories [32m200[0m 117.784 ms - -[0m
[2026-08-31 14:54:28] HTTP: [0mOPTIONS /api/v1/auth/me [32m204[0m 0.075 ms - 0[0m
[2026-08-31 14:54:28] HTTP: [0mOPTIONS /api/v1/auth/me [32m204[0m 0.064 ms - 0[0m
[2026-08-31 14:54:28] HTTP: [0mGET /api/v1/auth/me [32m200[0m 58.095 ms - 309[0m
[2026-08-31 14:54:28] HTTP: [0mGET /api/v1/auth/me [32m200[0m 60.451 ms - 309[0m
[2026-08-31 14:54:28] HTTP: [0mOPTIONS /api/v1/categories [32m204[0m 0.105 ms - 0[0m
[2026-08-31 14:54:28] HTTP: [0mOPTIONS /api/v1/sub-categories [32m204[0m 0.091 ms - 0[0m
[2026-08-31 14:54:28] HTTP: [0mOPTIONS /api/v1/products?page=1&limit=10&search=&category=&subCategory=&status= [32m204[0m 0.092 ms - 0[0m
[2026-08-31 14:54:28] HTTP: [0mOPTIONS /api/v1/categories [32m204[0m 0.040 ms - 0[0m
[2026-08-31 14:54:28] HTTP: [0mOPTIONS /api/v1/sub-categories [32m204[0m 0.040 ms - 0[0m
[2026-08-31 14:54:28] HTTP: [0mOPTIONS /api/v1/products?page=1&limit=10&search=&category=&subCategory=&status= [32m204[0m 0.175 ms - 0[0m
[2026-08-31 14:54:28] HTTP: [0mGET /api/v1/categories [36m304[0m 57.372 ms - -[0m
[2026-08-31 14:54:28] HTTP: [0mGET /api/v1/categories [32m200[0m 59.965 ms - -[0m
[2026-08-31 14:54:28] HTTP: [0mGET /api/v1/sub-categories [36m304[0m 70.247 ms - -[0m
[2026-08-31 14:54:28] HTTP: [0mGET /api/v1/products?page=1&limit=10&search=&category=&subCategory=&status= [36m304[0m 72.462 ms - -[0m
[2026-08-31 14:54:28] HTTP: [0mGET /api/v1/sub-categories [32m200[0m 80.792 ms - -[0m
[2026-08-31 14:54:28] HTTP: [0mGET /api/v1/products?page=1&limit=10&search=&category=&subCategory=&status= [32m200[0m 79.337 ms - -[0m
[2026-08-31 14:56:00] INFO: Server running on port 5000 in development mode
[2026-08-31 14:56:58] HTTP: [0mOPTIONS /api/v1/auth/me [32m204[0m 1.265 ms - 0[0m
[2026-08-31 14:56:58] HTTP: [0mOPTIONS /api/v1/auth/me [32m204[0m 0.157 ms - 0[0m
[2026-08-31 14:56:58] HTTP: [0mGET /api/v1/auth/me [32m200[0m 55.564 ms - 326[0m
[2026-08-31 14:56:58] HTTP: [0mGET /api/v1/auth/me [32m200[0m 50.014 ms - 326[0m
[2026-08-31 14:57:41] HTTP: [0mOPTIONS /api/v1/admin/staff/STF-000002 [32m204[0m 0.127 ms - 0[0m
[2026-08-31 14:57:41] HTTP: [0mPUT /api/v1/admin/staff/STF-000002 [32m200[0m 151.239 ms - 576[0m
[2026-08-31 14:57:47] HTTP: [0mOPTIONS /api/v1/auth/me [32m204[0m 0.114 ms - 0[0m
[2026-08-31 14:57:47] HTTP: [0mOPTIONS /api/v1/auth/me [32m204[0m 0.139 ms - 0[0m
[2026-08-31 14:57:47] HTTP: [0mGET /api/v1/auth/me [32m200[0m 63.598 ms - 326[0m
[2026-08-31 14:57:48] HTTP: [0mGET /api/v1/auth/me [36m304[0m 307.244 ms - -[0m
[2026-08-31 14:58:00] HTTP: [0mOPTIONS /api/v1/admin/staff/STF-000002 [32m204[0m 0.112 ms - 0[0m
[2026-08-31 14:58:00] HTTP: [0mPUT /api/v1/admin/staff/STF-000002 [32m200[0m 123.156 ms - 576[0m
[2026-08-31 14:58:05] HTTP: [0mOPTIONS /api/v1/auth/me [32m204[0m 0.173 ms - 0[0m
[2026-08-31 14:58:05] HTTP: [0mOPTIONS /api/v1/auth/me [32m204[0m 0.139 ms - 0[0m
[2026-08-31 14:58:05] HTTP: [0mGET /api/v1/auth/me [32m200[0m 39.954 ms - 326[0m
[2026-08-31 14:58:05] HTTP: [0mGET /api/v1/auth/me [36m304[0m 43.189 ms - -[0m
[2026-08-31 14:58:58] HTTP: [0mOPTIONS /api/v1/admin/staff/STF-000006 [32m204[0m 0.135 ms - 0[0m
[2026-08-31 14:58:58] HTTP: [0mPUT /api/v1/admin/staff/STF-000006 [32m200[0m 143.445 ms - 525[0m
[2026-08-31 14:59:04] HTTP: [0mOPTIONS /api/v1/auth/me [32m204[0m 0.150 ms - 0[0m
[2026-08-31 14:59:04] HTTP: [0mOPTIONS /api/v1/auth/me [32m204[0m 0.068 ms - 0[0m
[2026-08-31 14:59:04] HTTP: [0mGET /api/v1/auth/me [32m200[0m 39.567 ms - 566[0m
[2026-08-31 14:59:04] HTTP: [0mGET /api/v1/auth/me [32m200[0m 42.139 ms - 566[0m
[2026-08-31 14:59:04] HTTP: [0mOPTIONS /api/v1/admin/dashboard [32m204[0m 0.180 ms - 0[0m
[2026-08-31 14:59:04] HTTP: [0mOPTIONS /api/v1/admin/dashboard [32m204[0m 0.065 ms - 0[0m
[2026-08-31 14:59:04] HTTP: [0mGET /api/v1/admin/dashboard [32m200[0m 129.709 ms - 308[0m
[2026-08-31 14:59:04] HTTP: [0mGET /api/v1/admin/dashboard [32m200[0m 129.995 ms - 308[0m
[2026-08-31 14:59:14] HTTP: [0mOPTIONS /api/v1/admin/orders?page=1&limit=10&search=&orderStatus=&paymentStatus=&paymentMethod= [32m204[0m 0.285 ms - 0[0m
[2026-08-31 14:59:14] HTTP: [0mOPTIONS /api/v1/admin/orders?page=1&limit=10&search=&orderStatus=&paymentStatus=&paymentMethod= [32m204[0m 0.075 ms - 0[0m
[2026-08-31 14:59:15] HTTP: [0mGET /api/v1/admin/orders?page=1&limit=10&search=&orderStatus=&paymentStatus=&paymentMethod= [32m200[0m 132.000 ms - -[0m
[2026-08-31 14:59:15] HTTP: [0mGET /api/v1/admin/orders?page=1&limit=10&search=&orderStatus=&paymentStatus=&paymentMethod= [32m200[0m 135.287 ms - -[0m
[2026-08-31 14:59:23] HTTP: [0mOPTIONS /api/v1/categories [32m204[0m 0.096 ms - 0[0m
[2026-08-31 14:59:23] HTTP: [0mOPTIONS /api/v1/sub-categories [32m204[0m 0.057 ms - 0[0m
[2026-08-31 14:59:23] HTTP: [0mOPTIONS /api/v1/products?page=1&limit=10&search=&category=&subCategory=&status= [32m204[0m 0.045 ms - 0[0m
[2026-08-31 14:59:23] HTTP: [0mOPTIONS /api/v1/sub-categories [32m204[0m 0.056 ms - 0[0m
[2026-08-31 14:59:23] HTTP: [0mOPTIONS /api/v1/categories [32m204[0m 0.044 ms - 0[0m
[2026-08-31 14:59:23] HTTP: [0mOPTIONS /api/v1/products?page=1&limit=10&search=&category=&subCategory=&status= [32m204[0m 0.089 ms - 0[0m
[2026-08-31 14:59:23] HTTP: [0mGET /api/v1/categories [36m304[0m 46.722 ms - -[0m
[2026-08-31 14:59:23] HTTP: [0mGET /api/v1/sub-categories [32m200[0m 70.906 ms - -[0m
[2026-08-31 14:59:23] HTTP: [0mGET /api/v1/products?page=1&limit=10&search=&category=&subCategory=&status= [36m304[0m 82.210 ms - -[0m
[2026-08-31 14:59:23] HTTP: [0mGET /api/v1/sub-categories [36m304[0m 84.813 ms - -[0m
[2026-08-31 14:59:23] HTTP: [0mGET /api/v1/categories [32m200[0m 365.014 ms - -[0m
[2026-08-31 14:59:23] HTTP: [0mGET /api/v1/products?page=1&limit=10&search=&category=&subCategory=&status= [32m200[0m 366.104 ms - -[0m
[2026-08-31 14:59:25] HTTP: [0mGET /api/v1/categories [36m304[0m 52.068 ms - -[0m
[2026-08-31 14:59:25] HTTP: [0mGET /api/v1/categories [32m200[0m 52.622 ms - -[0m
[2026-08-31 14:59:25] HTTP: [0mGET /api/v1/sub-categories [36m304[0m 88.315 ms - -[0m
[2026-08-31 14:59:25] HTTP: [0mGET /api/v1/sub-categories [32m200[0m 85.272 ms - -[0m
[2026-08-31 15:00:25] HTTP: [0mOPTIONS /api/v1/categories [32m204[0m 0.132 ms - 0[0m
[2026-08-31 15:00:25] HTTP: [0mOPTIONS /api/v1/sub-categories [32m204[0m 0.125 ms - 0[0m
[2026-08-31 15:00:25] HTTP: [0mOPTIONS /api/v1/sub-categories [32m204[0m 0.072 ms - 0[0m
[2026-08-31 15:00:25] HTTP: [0mOPTIONS /api/v1/categories [32m204[0m 0.089 ms - 0[0m
[2026-08-31 15:00:25] HTTP: [0mGET /api/v1/categories [36m304[0m 35.397 ms - -[0m
[2026-08-31 15:00:25] HTTP: [0mGET /api/v1/categories [32m200[0m 32.364 ms - -[0m
[2026-08-31 15:00:25] HTTP: [0mGET /api/v1/sub-categories [36m304[0m 84.575 ms - -[0m
[2026-08-31 15:00:25] HTTP: [0mGET /api/v1/sub-categories [32m200[0m 87.885 ms - -[0m
[2026-08-31 15:02:00] HTTP: [0mOPTIONS /api/v1/categories [32m204[0m 0.091 ms - 0[0m
[2026-08-31 15:02:00] HTTP: [0mOPTIONS /api/v1/sub-categories [32m204[0m 0.064 ms - 0[0m
[2026-08-31 15:02:00] HTTP: [0mOPTIONS /api/v1/products?page=1&limit=10&search=&category=&subCategory=&status= [32m204[0m 0.076 ms - 0[0m
[2026-08-31 15:02:00] HTTP: [0mGET /api/v1/categories [36m304[0m 111.279 ms - -[0m
[2026-08-31 15:02:00] HTTP: [0mGET /api/v1/products?page=1&limit=10&search=&category=&subCategory=&status= [36m304[0m 137.046 ms - -[0m
[2026-08-31 15:02:00] HTTP: [0mGET /api/v1/sub-categories [36m304[0m 146.867 ms - -[0m
[2026-08-31 15:03:07] HTTP: [0mGET /api/v1/auth/me [33m401[0m 0.447 ms - 63[0m
[2026-08-31 15:03:07] HTTP: [0mGET /api/v1/auth/me [33m401[0m 0.292 ms - 63[0m
[2026-08-31 15:03:07] HTTP: [0mOPTIONS /api/v1/auth/refresh-token [32m204[0m 0.058 ms - 0[0m
[2026-08-31 15:03:07] HTTP: [0mPOST /api/v1/auth/refresh-token [33m400[0m 0.664 ms - 55[0m
[2026-08-31 15:06:37] HTTP: [0mOPTIONS /api/v1/admin/get-warehouses [32m204[0m 0.130 ms - 0[0m
[2026-08-31 15:06:37] HTTP: [0mOPTIONS /api/v1/admin/inventory?page=1&limit=15&search=&warehouseId= [32m204[0m 0.073 ms - 0[0m
[2026-08-31 15:06:37] HTTP: [0mGET /api/v1/admin/get-warehouses [33m401[0m 1.518 ms - 63[0m
[2026-08-31 15:06:37] HTTP: [0mOPTIONS /api/v1/admin/get-warehouses [32m204[0m 0.049 ms - 0[0m
[2026-08-31 15:06:37] HTTP: [0mOPTIONS /api/v1/admin/inventory?page=1&limit=15&search=&warehouseId= [32m204[0m 0.055 ms - 0[0m
[2026-08-31 15:06:37] HTTP: [0mGET /api/v1/admin/get-warehouses [33m401[0m 0.741 ms - 63[0m
[2026-08-31 15:06:37] HTTP: [0mGET /api/v1/admin/inventory?page=1&limit=15&search=&warehouseId= [33m401[0m 0.753 ms - 63[0m
[2026-08-31 15:06:37] HTTP: [0mGET /api/v1/admin/inventory?page=1&limit=15&search=&warehouseId= [33m401[0m 0.889 ms - 63[0m
[2026-08-31 15:06:37] HTTP: [0mOPTIONS /api/v1/auth/refresh-token [32m204[0m 0.183 ms - 0[0m
[2026-08-31 15:06:37] HTTP: [0mPOST /api/v1/auth/refresh-token [32m200[0m 100.977 ms - 515[0m
[2026-08-31 15:06:37] HTTP: [0mGET /api/v1/admin/get-warehouses [33m403[0m 30.694 ms - 90[0m
[2026-08-31 15:06:37] HTTP: [0mGET /api/v1/admin/get-warehouses [33m403[0m 38.407 ms - 90[0m
[2026-08-31 15:06:37] HTTP: [0mGET /api/v1/admin/inventory?page=1&limit=15&search=&warehouseId= [32m200[0m 254.061 ms - -[0m
[2026-08-31 15:06:37] HTTP: [0mGET /api/v1/admin/inventory?page=1&limit=15&search=&warehouseId= [32m200[0m 254.271 ms - -[0m
[2026-08-31 15:06:46] HTTP: [0mOPTIONS /api/v1/auth/me [32m204[0m 0.127 ms - 0[0m
[2026-08-31 15:06:46] HTTP: [0mOPTIONS /api/v1/auth/me [32m204[0m 0.088 ms - 0[0m
[2026-08-31 15:06:46] HTTP: [0mGET /api/v1/auth/me [32m200[0m 41.704 ms - 566[0m
[2026-08-31 15:06:46] HTTP: [0mGET /api/v1/auth/me [32m200[0m 44.331 ms - 566[0m
[2026-08-31 15:06:47] HTTP: [0mOPTIONS /api/v1/admin/get-warehouses [32m204[0m 0.102 ms - 0[0m
[2026-08-31 15:06:47] HTTP: [0mOPTIONS /api/v1/admin/inventory?page=1&limit=15&search=&warehouseId= [32m204[0m 0.047 ms - 0[0m
[2026-08-31 15:06:47] HTTP: [0mOPTIONS /api/v1/admin/get-warehouses [32m204[0m 0.059 ms - 0[0m
[2026-08-31 15:06:47] HTTP: [0mOPTIONS /api/v1/admin/inventory?page=1&limit=15&search=&warehouseId= [32m204[0m 0.039 ms - 0[0m
[2026-08-31 15:06:47] HTTP: [0mGET /api/v1/admin/get-warehouses [33m403[0m 35.483 ms - 90[0m
[2026-08-31 15:06:47] HTTP: [0mGET /api/v1/admin/get-warehouses [33m403[0m 39.899 ms - 90[0m
[2026-08-31 15:06:47] HTTP: [0mGET /api/v1/admin/inventory?page=1&limit=15&search=&warehouseId= [32m200[0m 224.379 ms - -[0m
[2026-08-31 15:06:47] HTTP: [0mGET /api/v1/admin/inventory?page=1&limit=15&search=&warehouseId= [36m304[0m 286.525 ms - -[0m
[2026-08-31 15:07:11] HTTP: [0mOPTIONS /api/v1/admin/orders?page=1&limit=10&search=&orderStatus=&paymentStatus=&paymentMethod= [32m204[0m 0.114 ms - 0[0m
[2026-08-31 15:07:11] HTTP: [0mOPTIONS /api/v1/admin/orders?page=1&limit=10&search=&orderStatus=&paymentStatus=&paymentMethod= [32m204[0m 0.085 ms - 0[0m
[2026-08-31 15:07:11] HTTP: [0mGET /api/v1/admin/orders?page=1&limit=10&search=&orderStatus=&paymentStatus=&paymentMethod= [36m304[0m 119.684 ms - -[0m
[2026-08-31 15:07:11] HTTP: [0mGET /api/v1/admin/orders?page=1&limit=10&search=&orderStatus=&paymentStatus=&paymentMethod= [32m200[0m 116.894 ms - -[0m
[2026-08-31 15:07:12] HTTP: [0mOPTIONS /api/v1/categories [32m204[0m 0.156 ms - 0[0m
[2026-08-31 15:07:12] HTTP: [0mOPTIONS /api/v1/sub-categories?page=1&limit=10&search=&status=&category_id= [32m204[0m 0.084 ms - 0[0m
[2026-08-31 15:07:12] HTTP: [0mOPTIONS /api/v1/categories [32m204[0m 0.046 ms - 0[0m
[2026-08-31 15:07:12] HTTP: [0mOPTIONS /api/v1/sub-categories?page=1&limit=10&search=&status=&category_id= [32m204[0m 0.038 ms - 0[0m
[2026-08-31 15:07:12] HTTP: [0mGET /api/v1/categories [36m304[0m 42.016 ms - -[0m
[2026-08-31 15:07:12] HTTP: [0mGET /api/v1/categories [32m200[0m 42.053 ms - -[0m
[2026-08-31 15:07:12] HTTP: [0mGET /api/v1/sub-categories?page=1&limit=10&search=&status=&category_id= [36m304[0m 69.274 ms - -[0m
[2026-08-31 15:07:12] HTTP: [0mGET /api/v1/sub-categories?page=1&limit=10&search=&status=&category_id= [32m200[0m 69.162 ms - -[0m
[2026-08-31 15:07:21] HTTP: [0mOPTIONS /api/v1/admin/staff/STF-000006 [32m204[0m 0.134 ms - 0[0m
[2026-08-31 15:07:21] HTTP: [0mPUT /api/v1/admin/staff/STF-000006 [33m401[0m 0.886 ms - 63[0m
[2026-08-31 15:07:21] HTTP: [0mOPTIONS /api/v1/auth/refresh-token [32m204[0m 0.081 ms - 0[0m
[2026-08-31 15:07:21] HTTP: [0mPOST /api/v1/auth/refresh-token [33m400[0m 0.465 ms - 55[0m
[2026-08-31 15:07:25] HTTP: [0mGET /api/v1/auth/me [33m401[0m 0.574 ms - 63[0m
[2026-08-31 15:07:25] HTTP: [0mGET /api/v1/auth/me [33m401[0m 0.639 ms - 63[0m
[2026-08-31 15:07:25] HTTP: [0mPOST /api/v1/auth/refresh-token [33m400[0m 0.539 ms - 55[0m
[2026-08-31 15:07:26] HTTP: [0mGET /api/v1/auth/me [33m401[0m 0.800 ms - 63[0m
[2026-08-31 15:07:26] HTTP: [0mGET /api/v1/auth/me [33m401[0m 0.791 ms - 63[0m
[2026-08-31 15:07:26] HTTP: [0mPOST /api/v1/auth/refresh-token [33m400[0m 1.086 ms - 55[0m
[2026-08-31 15:07:41] HTTP: [0mOPTIONS /api/v1/auth/login [32m204[0m 0.083 ms - 0[0m
[2026-08-31 15:07:41] HTTP: [0mPOST /api/v1/auth/login [32m200[0m 137.449 ms - 578[0m
[2026-08-31 15:07:43] HTTP: [0mOPTIONS /api/v1/admin/get-staff [32m204[0m 0.179 ms - 0[0m
[2026-08-31 15:07:43] HTTP: [0mGET /api/v1/admin/get-staff [32m200[0m 108.855 ms - -[0m
[2026-08-31 15:07:43] HTTP: [0mGET /api/v1/admin/get-staff [36m304[0m 98.713 ms - -[0m
[2026-08-31 15:07:49] HTTP: [0mOPTIONS /api/v1/admin/get-staff [32m204[0m 0.108 ms - 0[0m
[2026-08-31 15:07:49] HTTP: [0mOPTIONS /api/v1/admin/get-staff [32m204[0m 0.054 ms - 0[0m
[2026-08-31 15:07:49] HTTP: [0mGET /api/v1/admin/get-staff [36m304[0m 95.899 ms - -[0m
[2026-08-31 15:07:50] HTTP: [0mGET /api/v1/admin/get-staff [36m304[0m 98.958 ms - -[0m
[2026-08-31 15:08:02] HTTP: [0mOPTIONS /api/v1/admin/staff/STF-000006 [32m204[0m 0.079 ms - 0[0m
[2026-08-31 15:08:02] HTTP: [0mPUT /api/v1/admin/staff/STF-000006 [32m200[0m 119.467 ms - 540[0m
[2026-08-31 15:08:08] HTTP: [0mOPTIONS /api/v1/categories [32m204[0m 0.185 ms - 0[0m
[2026-08-31 15:08:08] HTTP: [0mOPTIONS /api/v1/sub-categories [32m204[0m 0.287 ms - 0[0m
[2026-08-31 15:08:08] HTTP: [0mOPTIONS /api/v1/categories [32m204[0m 0.069 ms - 0[0m
[2026-08-31 15:08:08] HTTP: [0mOPTIONS /api/v1/sub-categories [32m204[0m 0.045 ms - 0[0m
[2026-08-31 15:08:08] HTTP: [0mOPTIONS /api/v1/products?page=1&limit=10&search=&category=&subCategory=&status= [32m204[0m 0.037 ms - 0[0m
[2026-08-31 15:08:08] HTTP: [0mOPTIONS /api/v1/products?page=1&limit=10&search=&category=&subCategory=&status= [32m204[0m 0.076 ms - 0[0m
[2026-08-31 15:08:08] HTTP: [0mGET /api/v1/categories [36m304[0m 37.052 ms - -[0m
[2026-08-31 15:08:08] HTTP: [0mGET /api/v1/categories [32m200[0m 48.311 ms - -[0m
[2026-08-31 15:08:08] HTTP: [0mGET /api/v1/sub-categories [32m200[0m 66.149 ms - -[0m
[2026-08-31 15:08:08] HTTP: [0mGET /api/v1/sub-categories [36m304[0m 86.094 ms - -[0m
[2026-08-31 15:08:08] HTTP: [0mGET /api/v1/products?page=1&limit=10&search=&category=&subCategory=&status= [36m304[0m 88.915 ms - -[0m
[2026-08-31 15:08:10] HTTP: [0mGET /api/v1/products?page=1&limit=10&search=&category=&subCategory=&status= [32m200[0m 1380.018 ms - -[0m
[2026-08-31 15:08:10] HTTP: [0mOPTIONS /api/v1/auth/me [32m204[0m 0.176 ms - 0[0m
[2026-08-31 15:08:10] HTTP: [0mOPTIONS /api/v1/auth/me [32m204[0m 0.149 ms - 0[0m
[2026-08-31 15:08:10] HTTP: [0mGET /api/v1/auth/me [32m200[0m 38.154 ms - 581[0m
[2026-08-31 15:08:10] HTTP: [0mGET /api/v1/auth/me [32m200[0m 42.744 ms - 581[0m
[2026-08-31 15:08:11] HTTP: [0mGET /api/v1/categories [36m304[0m 39.722 ms - -[0m
[2026-08-31 15:08:11] HTTP: [0mGET /api/v1/categories [32m200[0m 48.314 ms - -[0m
[2026-08-31 15:08:11] HTTP: [0mGET /api/v1/sub-categories [32m200[0m 77.739 ms - -[0m
[2026-08-31 15:08:11] HTTP: [0mGET /api/v1/products?page=1&limit=10&search=&category=&subCategory=&status= [32m200[0m 77.797 ms - -[0m
[2026-08-31 15:08:11] HTTP: [0mGET /api/v1/sub-categories [36m304[0m 86.428 ms - -[0m
[2026-08-31 15:08:11] HTTP: [0mGET /api/v1/products?page=1&limit=10&search=&category=&subCategory=&status= [36m304[0m 90.597 ms - -[0m
[2026-08-31 15:08:21] HTTP: [0mOPTIONS /api/v1/admin/staff/STF-000006 [32m204[0m 0.084 ms - 0[0m
[2026-08-31 15:08:21] HTTP: [0mPUT /api/v1/admin/staff/STF-000006 [32m200[0m 124.020 ms - 557[0m
[2026-08-31 15:08:24] HTTP: [0mOPTIONS /api/v1/auth/me [32m204[0m 0.095 ms - 0[0m
[2026-08-31 15:08:24] HTTP: [0mOPTIONS /api/v1/auth/me [32m204[0m 0.039 ms - 0[0m
[2026-08-31 15:08:24] HTTP: [0mGET /api/v1/auth/me [32m200[0m 39.630 ms - 598[0m
[2026-08-31 15:08:24] HTTP: [0mGET /api/v1/auth/me [32m200[0m 42.062 ms - 598[0m
[2026-08-31 15:08:24] HTTP: [0mOPTIONS /api/v1/categories [32m204[0m 0.083 ms - 0[0m
[2026-08-31 15:08:24] HTTP: [0mOPTIONS /api/v1/products?page=1&limit=10&search=&category=&subCategory=&status= [32m204[0m 0.044 ms - 0[0m
[2026-08-31 15:08:24] HTTP: [0mOPTIONS /api/v1/sub-categories [32m204[0m 0.031 ms - 0[0m
[2026-08-31 15:08:24] HTTP: [0mOPTIONS /api/v1/categories [32m204[0m 0.031 ms - 0[0m
[2026-08-31 15:08:25] HTTP: [0mOPTIONS /api/v1/sub-categories [32m204[0m 0.036 ms - 0[0m
[2026-08-31 15:08:25] HTTP: [0mOPTIONS /api/v1/products?page=1&limit=10&search=&category=&subCategory=&status= [32m204[0m 0.042 ms - 0[0m
[2026-08-31 15:08:25] HTTP: [0mGET /api/v1/categories [36m304[0m 46.790 ms - -[0m
[2026-08-31 15:08:25] HTTP: [0mGET /api/v1/categories [32m200[0m 44.392 ms - -[0m
[2026-08-31 15:08:25] HTTP: [0mGET /api/v1/sub-categories [36m304[0m 75.253 ms - -[0m
[2026-08-31 15:08:25] HTTP: [0mGET /api/v1/products?page=1&limit=10&search=&category=&subCategory=&status= [32m200[0m 74.277 ms - -[0m
[2026-08-31 15:08:25] HTTP: [0mGET /api/v1/sub-categories [32m200[0m 84.875 ms - -[0m
[2026-08-31 15:08:26] HTTP: [0mGET /api/v1/products?page=1&limit=10&search=&category=&subCategory=&status= [36m304[0m 1313.845 ms - -[0m
[2026-08-31 15:08:34] HTTP: [0mOPTIONS /api/v1/auth/me [32m204[0m 0.263 ms - 0[0m
[2026-08-31 15:08:34] HTTP: [0mOPTIONS /api/v1/auth/me [32m204[0m 0.284 ms - 0[0m
[2026-08-31 15:08:34] HTTP: [0mGET /api/v1/auth/me [36m304[0m 34.097 ms - -[0m
[2026-08-31 15:08:34] HTTP: [0mGET /api/v1/auth/me [32m200[0m 39.513 ms - 598[0m
[2026-08-31 15:08:34] HTTP: [0mOPTIONS /api/v1/categories [32m204[0m 0.081 ms - 0[0m
[2026-08-31 15:08:34] HTTP: [0mOPTIONS /api/v1/sub-categories [32m204[0m 0.091 ms - 0[0m
[2026-08-31 15:08:34] HTTP: [0mOPTIONS /api/v1/products?page=1&limit=10&search=&category=&subCategory=&status= [32m204[0m 0.053 ms - 0[0m
[2026-08-31 15:08:34] HTTP: [0mOPTIONS /api/v1/categories [32m204[0m 0.039 ms - 0[0m
[2026-08-31 15:08:34] HTTP: [0mOPTIONS /api/v1/products?page=1&limit=10&search=&category=&subCategory=&status= [32m204[0m 0.036 ms - 0[0m
[2026-08-31 15:08:34] HTTP: [0mOPTIONS /api/v1/sub-categories [32m204[0m 0.051 ms - 0[0m
[2026-08-31 15:08:34] HTTP: [0mGET /api/v1/categories [36m304[0m 41.373 ms - -[0m
[2026-08-31 15:08:34] HTTP: [0mGET /api/v1/categories [32m200[0m 42.354 ms - -[0m
[2026-08-31 15:08:34] HTTP: [0mGET /api/v1/sub-categories [36m304[0m 68.629 ms - -[0m
[2026-08-31 15:08:34] HTTP: [0mGET /api/v1/products?page=1&limit=10&search=&category=&subCategory=&status= [36m304[0m 70.338 ms - -[0m
[2026-08-31 15:08:34] HTTP: [0mGET /api/v1/products?page=1&limit=10&search=&category=&subCategory=&status= [32m200[0m 84.537 ms - -[0m
[2026-08-31 15:08:34] HTTP: [0mGET /api/v1/sub-categories [32m200[0m 84.264 ms - -[0m
[2026-08-31 15:08:50] INFO: Server running on port 5000 in development mode
[2026-08-31 15:08:52] HTTP: [0mOPTIONS /api/v1/categories [32m204[0m 1.417 ms - 0[0m
[2026-08-31 15:08:52] HTTP: [0mOPTIONS /api/v1/sub-categories [32m204[0m 0.182 ms - 0[0m
[2026-08-31 15:08:52] HTTP: [0mOPTIONS /api/v1/products?page=1&limit=10&search=&category=&subCategory=&status= [32m204[0m 0.154 ms - 0[0m
[2026-08-31 15:08:52] HTTP: [0mOPTIONS /api/v1/categories [32m204[0m 0.088 ms - 0[0m
[2026-08-31 15:08:52] HTTP: [0mOPTIONS /api/v1/sub-categories [32m204[0m 0.114 ms - 0[0m
[2026-08-31 15:08:52] HTTP: [0mOPTIONS /api/v1/products?page=1&limit=10&search=&category=&subCategory=&status= [32m204[0m 0.134 ms - 0[0m
[2026-08-31 15:08:55] HTTP: [0mOPTIONS /api/v1/admin/get-warehouses [32m204[0m 0.177 ms - 0[0m
[2026-08-31 15:08:55] HTTP: [0mOPTIONS /api/v1/admin/inventory?page=1&limit=15&search=&warehouseId= [32m204[0m 0.103 ms - 0[0m
[2026-08-31 15:08:55] HTTP: [0mOPTIONS /api/v1/admin/get-warehouses [32m204[0m 0.153 ms - 0[0m
[2026-08-31 15:08:55] HTTP: [0mOPTIONS /api/v1/admin/inventory?page=1&limit=15&search=&warehouseId= [32m204[0m 0.102 ms - 0[0m
[2026-08-31 15:08:56] HTTP: [0mGET /api/v1/categories [32m200[0m 4219.493 ms - -[0m
[2026-08-31 15:08:56] HTTP: [0mGET /api/v1/products?page=1&limit=10&search=&category=&subCategory=&status= [32m200[0m 4260.983 ms - -[0m
[2026-08-31 15:08:56] HTTP: [0mGET /api/v1/sub-categories [32m200[0m 4263.217 ms - -[0m
[2026-08-31 15:08:56] HTTP: [0mGET /api/v1/categories [36m304[0m 144.680 ms - -[0m
[2026-08-31 15:08:57] HTTP: [0mGET /api/v1/sub-categories [36m304[0m 208.914 ms - -[0m
[2026-08-31 15:08:57] HTTP: [0mGET /api/v1/admin/get-warehouses [32m200[0m 1176.462 ms - 540[0m
[2026-08-31 15:08:57] HTTP: [0mGET /api/v1/admin/get-warehouses [36m304[0m 85.012 ms - -[0m
[2026-08-31 15:08:57] HTTP: [0mGET /api/v1/admin/inventory?page=1&limit=15&search=&warehouseId= [32m200[0m 1269.954 ms - -[0m
[2026-08-31 15:08:57] HTTP: [0mGET /api/v1/products?page=1&limit=10&search=&category=&subCategory=&status= [36m304[0m 436.521 ms - -[0m
[2026-08-31 15:08:57] HTTP: [0mGET /api/v1/admin/inventory?page=1&limit=15&search=&warehouseId= [36m304[0m 238.948 ms - -[0m
[2026-08-31 15:09:13] HTTP: [0mOPTIONS /api/v1/auth/me [32m204[0m 0.202 ms - 0[0m
[2026-08-31 15:09:13] HTTP: [0mOPTIONS /api/v1/auth/me [32m204[0m 0.050 ms - 0[0m
[2026-08-31 15:09:13] HTTP: [0mGET /api/v1/auth/me [36m304[0m 38.055 ms - -[0m
[2026-08-31 15:09:13] HTTP: [0mGET /api/v1/auth/me [36m304[0m 34.078 ms - -[0m
[2026-08-31 15:09:13] HTTP: [0mOPTIONS /api/v1/admin/get-warehouses [32m204[0m 0.124 ms - 0[0m
[2026-08-31 15:09:13] HTTP: [0mOPTIONS /api/v1/admin/inventory?page=1&limit=15&search=&warehouseId= [32m204[0m 0.118 ms - 0[0m
[2026-08-31 15:09:13] HTTP: [0mOPTIONS /api/v1/admin/get-warehouses [32m204[0m 0.053 ms - 0[0m
[2026-08-31 15:09:13] HTTP: [0mOPTIONS /api/v1/admin/inventory?page=1&limit=15&search=&warehouseId= [32m204[0m 0.049 ms - 0[0m
[2026-08-31 15:09:13] HTTP: [0mGET /api/v1/admin/get-warehouses [36m304[0m 68.806 ms - -[0m
[2026-08-31 15:09:13] HTTP: [0mGET /api/v1/admin/get-warehouses [36m304[0m 66.954 ms - -[0m
[2026-08-31 15:09:13] HTTP: [0mGET /api/v1/admin/inventory?page=1&limit=15&search=&warehouseId= [36m304[0m 245.144 ms - -[0m
[2026-08-31 15:09:13] HTTP: [0mGET /api/v1/admin/inventory?page=1&limit=15&search=&warehouseId= [36m304[0m 246.794 ms - -[0m
[2026-08-31 15:09:25] HTTP: [0mOPTIONS /api/v1/admin/get-warehouses [32m204[0m 0.084 ms - 0[0m
[2026-08-31 15:09:25] HTTP: [0mOPTIONS /api/v1/admin/inventory?page=1&limit=15&search=&warehouseId= [32m204[0m 0.064 ms - 0[0m
[2026-08-31 15:09:25] HTTP: [0mOPTIONS /api/v1/admin/get-warehouses [32m204[0m 0.039 ms - 0[0m
[2026-08-31 15:09:25] HTTP: [0mOPTIONS /api/v1/admin/inventory?page=1&limit=15&search=&warehouseId= [32m204[0m 0.059 ms - 0[0m
[2026-08-31 15:09:25] HTTP: [0mGET /api/v1/admin/get-warehouses [32m200[0m 81.304 ms - 540[0m
[2026-08-31 15:09:25] HTTP: [0mGET /api/v1/admin/get-warehouses [32m200[0m 78.944 ms - 540[0m
[2026-08-31 15:09:25] HTTP: [0mOPTIONS /api/v1/admin/inventory?page=1&limit=15&search=&warehouseId=6a8970c1263081c2a295176e [32m204[0m 0.101 ms - 0[0m
[2026-08-31 15:09:25] HTTP: [0mGET /api/v1/admin/inventory?page=1&limit=15&search=&warehouseId= [32m200[0m 225.462 ms - -[0m
[2026-08-31 15:09:25] HTTP: [0mGET /api/v1/admin/inventory?page=1&limit=15&search=&warehouseId= [36m304[0m 244.217 ms - -[0m
[2026-08-31 15:09:25] HTTP: [0mGET /api/v1/admin/inventory?page=1&limit=15&search=&warehouseId=6a8970c1263081c2a295176e [32m200[0m 246.574 ms - -[0m
[2026-08-31 15:09:32] HTTP: [0mOPTIONS /api/v1/admin/get-staff [32m204[0m 0.127 ms - 0[0m
[2026-08-31 15:09:32] HTTP: [0mGET /api/v1/admin/get-staff [32m200[0m 120.781 ms - -[0m
[2026-08-31 15:09:32] HTTP: [0mGET /api/v1/admin/get-staff [36m304[0m 134.737 ms - -[0m
[2026-08-31 15:09:40] HTTP: [0mOPTIONS /api/v1/admin/staff/STF-000006 [32m204[0m 0.147 ms - 0[0m
[2026-08-31 15:09:40] HTTP: [0mPUT /api/v1/admin/staff/STF-000006 [32m200[0m 138.994 ms - 559[0m
[2026-08-31 15:09:45] HTTP: [0mOPTIONS /api/v1/auth/me [32m204[0m 0.103 ms - 0[0m
[2026-08-31 15:09:45] HTTP: [0mOPTIONS /api/v1/auth/me [32m204[0m 0.182 ms - 0[0m
[2026-08-31 15:09:45] HTTP: [0mGET /api/v1/auth/me [32m200[0m 40.268 ms - 600[0m
[2026-08-31 15:09:45] HTTP: [0mGET /api/v1/auth/me [32m200[0m 39.620 ms - 600[0m
[2026-08-31 15:09:45] HTTP: [0mOPTIONS /api/v1/admin/get-warehouses [32m204[0m 0.090 ms - 0[0m
[2026-08-31 15:09:45] HTTP: [0mOPTIONS /api/v1/admin/inventory?page=1&limit=15&search=&warehouseId= [32m204[0m 0.089 ms - 0[0m
[2026-08-31 15:09:45] HTTP: [0mOPTIONS /api/v1/admin/get-warehouses [32m204[0m 0.057 ms - 0[0m
[2026-08-31 15:09:45] HTTP: [0mOPTIONS /api/v1/admin/inventory?page=1&limit=15&search=&warehouseId= [32m204[0m 0.051 ms - 0[0m
[2026-08-31 15:09:45] HTTP: [0mGET /api/v1/admin/get-warehouses [36m304[0m 79.617 ms - -[0m
[2026-08-31 15:09:45] HTTP: [0mGET /api/v1/admin/get-warehouses [32m200[0m 81.187 ms - 540[0m
[2026-08-31 15:09:45] HTTP: [0mOPTIONS /api/v1/admin/inventory?page=1&limit=15&search=&warehouseId=6a8970c1263081c2a295176e [32m204[0m 0.086 ms - 0[0m
[2026-08-31 15:09:45] HTTP: [0mGET /api/v1/admin/inventory?page=1&limit=15&search=&warehouseId= [36m304[0m 255.005 ms - -[0m
[2026-08-31 15:09:45] HTTP: [0mGET /api/v1/admin/inventory?page=1&limit=15&search=&warehouseId= [32m200[0m 256.555 ms - -[0m
[2026-08-31 15:09:45] HTTP: [0mGET /api/v1/admin/inventory?page=1&limit=15&search=&warehouseId=6a8970c1263081c2a295176e [36m304[0m 256.612 ms - -[0m
[2026-08-31 15:09:49] HTTP: [0mOPTIONS /api/v1/categories [32m204[0m 0.107 ms - 0[0m
[2026-08-31 15:09:49] HTTP: [0mOPTIONS /api/v1/sub-categories [32m204[0m 0.060 ms - 0[0m
[2026-08-31 15:09:49] HTTP: [0mOPTIONS /api/v1/products?page=1&limit=10&search=&category=&subCategory=&status= [32m204[0m 0.060 ms - 0[0m
[2026-08-31 15:09:49] HTTP: [0mOPTIONS /api/v1/categories [32m204[0m 0.076 ms - 0[0m
[2026-08-31 15:09:49] HTTP: [0mOPTIONS /api/v1/sub-categories [32m204[0m 0.037 ms - 0[0m
[2026-08-31 15:09:49] HTTP: [0mOPTIONS /api/v1/products?page=1&limit=10&search=&category=&subCategory=&status= [32m204[0m 0.087 ms - 0[0m
[2026-08-31 15:09:49] HTTP: [0mGET /api/v1/categories [32m200[0m 33.226 ms - -[0m
[2026-08-31 15:09:49] HTTP: [0mGET /api/v1/categories [36m304[0m 43.069 ms - -[0m
[2026-08-31 15:09:49] HTTP: [0mGET /api/v1/sub-categories [36m304[0m 86.957 ms - -[0m
[2026-08-31 15:09:49] HTTP: [0mGET /api/v1/products?page=1&limit=10&search=&category=&subCategory=&status= [36m304[0m 85.968 ms - -[0m
[2026-08-31 15:09:49] HTTP: [0mGET /api/v1/sub-categories [32m200[0m 81.962 ms - -[0m
[2026-08-31 15:09:49] HTTP: [0mGET /api/v1/products?page=1&limit=10&search=&category=&subCategory=&status= [32m200[0m 414.348 ms - -[0m
[2026-08-31 15:09:49] HTTP: [0mOPTIONS /api/v1/sub-categories?page=1&limit=10&search=&status=&category_id= [32m204[0m 0.063 ms - 0[0m
[2026-08-31 15:09:49] HTTP: [0mOPTIONS /api/v1/sub-categories?page=1&limit=10&search=&status=&category_id= [32m204[0m 0.040 ms - 0[0m
[2026-08-31 15:09:49] HTTP: [0mGET /api/v1/categories [36m304[0m 42.110 ms - -[0m
[2026-08-31 15:09:49] HTTP: [0mGET /api/v1/categories [32m200[0m 39.462 ms - -[0m
[2026-08-31 15:09:49] HTTP: [0mGET /api/v1/sub-categories?page=1&limit=10&search=&status=&category_id= [36m304[0m 80.717 ms - -[0m
[2026-08-31 15:09:49] HTTP: [0mGET /api/v1/sub-categories?page=1&limit=10&search=&status=&category_id= [32m200[0m 84.075 ms - -[0m
[2026-08-31 15:09:51] HTTP: [0mOPTIONS /api/v1/categories?page=1&limit=10&search=&status= [32m204[0m 0.084 ms - 0[0m
[2026-08-31 15:09:51] HTTP: [0mOPTIONS /api/v1/categories?page=1&limit=10&search=&status= [32m204[0m 0.040 ms - 0[0m
[2026-08-31 15:09:51] HTTP: [0mGET /api/v1/categories?page=1&limit=10&search=&status= [36m304[0m 44.787 ms - -[0m
[2026-08-31 15:09:51] HTTP: [0mGET /api/v1/categories?page=1&limit=10&search=&status= [32m200[0m 42.777 ms - -[0m
[2026-08-31 15:09:52] HTTP: [0mOPTIONS /api/v1/faqs [32m204[0m 0.142 ms - 0[0m
[2026-08-31 15:09:52] HTTP: [0mOPTIONS /api/v1/faqs [32m204[0m 0.093 ms - 0[0m
[2026-08-31 15:09:52] HTTP: [0mGET /api/v1/faqs [32m200[0m 44.146 ms - -[0m
[2026-08-31 15:09:52] HTTP: [0mGET /api/v1/faqs [32m200[0m 46.665 ms - -[0m
[2026-08-31 15:09:52] HTTP: [0mOPTIONS /api/v1/admin/orders?page=1&limit=10&search=&orderStatus=&paymentStatus=&paymentMethod= [32m204[0m 0.134 ms - 0[0m
[2026-08-31 15:09:52] HTTP: [0mOPTIONS /api/v1/admin/orders?page=1&limit=10&search=&orderStatus=&paymentStatus=&paymentMethod= [32m204[0m 0.040 ms - 0[0m
[2026-08-31 15:09:52] HTTP: [0mGET /api/v1/admin/orders?page=1&limit=10&search=&orderStatus=&paymentStatus=&paymentMethod= [36m304[0m 119.124 ms - -[0m
[2026-08-31 15:09:52] HTTP: [0mGET /api/v1/admin/orders?page=1&limit=10&search=&orderStatus=&paymentStatus=&paymentMethod= [32m200[0m 122.526 ms - -[0m
[2026-08-31 15:10:03] HTTP: [0mOPTIONS /api/v1/admin/staff/STF-000006 [32m204[0m 0.083 ms - 0[0m
[2026-08-31 15:10:03] HTTP: [0mPUT /api/v1/admin/staff/STF-000006 [32m200[0m 127.484 ms - 574[0m
[2026-08-31 15:10:06] HTTP: [0mOPTIONS /api/v1/auth/me [32m204[0m 0.114 ms - 0[0m
[2026-08-31 15:10:06] HTTP: [0mOPTIONS /api/v1/auth/me [32m204[0m 0.049 ms - 0[0m
[2026-08-31 15:10:06] HTTP: [0mGET /api/v1/auth/me [32m200[0m 38.255 ms - 615[0m
[2026-08-31 15:10:06] HTTP: [0mGET /api/v1/auth/me [32m200[0m 40.718 ms - 615[0m
[2026-08-31 15:10:06] HTTP: [0mOPTIONS /api/v1/admin/orders?page=1&limit=10&search=&orderStatus=&paymentStatus=&paymentMethod= [32m204[0m 0.089 ms - 0[0m
[2026-08-31 15:10:06] HTTP: [0mOPTIONS /api/v1/admin/orders?page=1&limit=10&search=&orderStatus=&paymentStatus=&paymentMethod= [32m204[0m 0.057 ms - 0[0m
[2026-08-31 15:10:06] HTTP: [0mGET /api/v1/admin/orders?page=1&limit=10&search=&orderStatus=&paymentStatus=&paymentMethod= [36m304[0m 122.361 ms - -[0m
[2026-08-31 15:10:06] HTTP: [0mGET /api/v1/admin/orders?page=1&limit=10&search=&orderStatus=&paymentStatus=&paymentMethod= [32m200[0m 125.081 ms - -[0m
[2026-08-31 15:10:15] HTTP: [0mOPTIONS /api/v1/admin/dashboard [32m204[0m 0.075 ms - 0[0m
[2026-08-31 15:10:15] HTTP: [0mOPTIONS /api/v1/admin/dashboard [32m204[0m 0.093 ms - 0[0m
[2026-08-31 15:10:15] HTTP: [0mGET /api/v1/admin/dashboard [32m200[0m 137.099 ms - 308[0m
[2026-08-31 15:10:15] HTTP: [0mGET /api/v1/admin/dashboard [36m304[0m 139.391 ms - -[0m
[2026-08-31 15:10:17] HTTP: [0mOPTIONS /api/v1/categories?page=1&limit=10&search=&status= [32m204[0m 0.111 ms - 0[0m
[2026-08-31 15:10:17] HTTP: [0mOPTIONS /api/v1/categories?page=1&limit=10&search=&status= [32m204[0m 0.067 ms - 0[0m
[2026-08-31 15:10:17] HTTP: [0mGET /api/v1/categories?page=1&limit=10&search=&status= [36m304[0m 41.505 ms - -[0m
[2026-08-31 15:10:17] HTTP: [0mGET /api/v1/categories?page=1&limit=10&search=&status= [32m200[0m 42.651 ms - -[0m
[2026-08-31 15:10:18] HTTP: [0mOPTIONS /api/v1/categories [32m204[0m 0.083 ms - 0[0m
[2026-08-31 15:10:18] HTTP: [0mOPTIONS /api/v1/sub-categories?page=1&limit=10&search=&status=&category_id= [32m204[0m 0.038 ms - 0[0m
[2026-08-31 15:10:18] HTTP: [0mOPTIONS /api/v1/categories [32m204[0m 0.035 ms - 0[0m
[2026-08-31 15:10:18] HTTP: [0mOPTIONS /api/v1/sub-categories?page=1&limit=10&search=&status=&category_id= [32m204[0m 0.050 ms - 0[0m
[2026-08-31 15:10:18] HTTP: [0mGET /api/v1/categories [36m304[0m 46.165 ms - -[0m
[2026-08-31 15:10:18] HTTP: [0mGET /api/v1/categories [32m200[0m 41.027 ms - -[0m
[2026-08-31 15:10:18] HTTP: [0mGET /api/v1/sub-categories?page=1&limit=10&search=&status=&category_id= [36m304[0m 82.021 ms - -[0m
[2026-08-31 15:10:18] HTTP: [0mGET /api/v1/sub-categories?page=1&limit=10&search=&status=&category_id= [32m200[0m 83.281 ms - -[0m
[2026-08-31 15:10:30] HTTP: [0mOPTIONS /api/v1/admin/orders?page=1&limit=10&search=&orderStatus=&paymentStatus=&paymentMethod= [32m204[0m 0.213 ms - 0[0m
[2026-08-31 15:10:30] HTTP: [0mOPTIONS /api/v1/admin/orders?page=1&limit=10&search=&orderStatus=&paymentStatus=&paymentMethod= [32m204[0m 0.080 ms - 0[0m
[2026-08-31 15:10:30] HTTP: [0mGET /api/v1/admin/orders?page=1&limit=10&search=&orderStatus=&paymentStatus=&paymentMethod= [32m200[0m 129.853 ms - -[0m
[2026-08-31 15:10:30] HTTP: [0mGET /api/v1/admin/orders?page=1&limit=10&search=&orderStatus=&paymentStatus=&paymentMethod= [36m304[0m 127.642 ms - -[0m
[2026-08-31 15:11:42] INFO: Server running on port 5000 in development mode
[2026-08-31 15:12:26] HTTP: [0mOPTIONS /api/v1/admin/get-warehouses [32m204[0m 1.109 ms - 0[0m
[2026-08-31 15:12:26] HTTP: [0mOPTIONS /api/v1/admin/orders?page=1&limit=10&search=&orderStatus=&paymentStatus=&paymentMethod=&warehouseId= [32m204[0m 0.194 ms - 0[0m
[2026-08-31 15:12:26] HTTP: [0mGET /api/v1/admin/get-warehouses [36m304[0m 108.089 ms - -[0m
[2026-08-31 15:12:26] HTTP: [0mGET /api/v1/admin/orders?page=1&limit=10&search=&orderStatus=&paymentStatus=&paymentMethod=&warehouseId= [32m200[0m 139.422 ms - -[0m
[2026-08-31 15:12:45] HTTP: [0mOPTIONS /api/v1/admin/get-warehouses [32m204[0m 0.189 ms - 0[0m
[2026-08-31 15:12:45] HTTP: [0mOPTIONS /api/v1/admin/orders?page=1&limit=10&search=&orderStatus=&paymentStatus=&paymentMethod=&warehouseId= [32m204[0m 0.110 ms - 0[0m
[2026-08-31 15:12:45] HTTP: [0mOPTIONS /api/v1/admin/orders?page=1&limit=10&search=&orderStatus=&paymentStatus=&paymentMethod=&warehouseId= [32m204[0m 0.110 ms - 0[0m
[2026-08-31 15:12:45] HTTP: [0mOPTIONS /api/v1/admin/get-warehouses [32m204[0m 0.121 ms - 0[0m
[2026-08-31 15:12:45] HTTP: [0mGET /api/v1/admin/get-warehouses [36m304[0m 91.979 ms - -[0m
[2026-08-31 15:12:45] HTTP: [0mGET /api/v1/admin/get-warehouses [32m200[0m 84.695 ms - 540[0m
[2026-08-31 15:12:45] HTTP: [0mOPTIONS /api/v1/admin/orders?page=1&limit=10&search=&orderStatus=&paymentStatus=&paymentMethod=&warehouseId=6a8970c1263081c2a295176e [32m204[0m 0.132 ms - 0[0m
[2026-08-31 15:12:45] HTTP: [0mGET /api/v1/admin/orders?page=1&limit=10&search=&orderStatus=&paymentStatus=&paymentMethod=&warehouseId= [32m200[0m 115.910 ms - -[0m
[2026-08-31 15:12:45] HTTP: [0mGET /api/v1/admin/orders?page=1&limit=10&search=&orderStatus=&paymentStatus=&paymentMethod=&warehouseId= [32m200[0m 120.945 ms - -[0m
[2026-08-31 15:12:45] HTTP: [0mGET /api/v1/admin/orders?page=1&limit=10&search=&orderStatus=&paymentStatus=&paymentMethod=&warehouseId=6a8970c1263081c2a295176e [32m200[0m 124.061 ms - -[0m
[2026-08-31 15:12:56] HTTP: [0mOPTIONS /api/v1/admin/orders?page=1&limit=10&search=&orderStatus=&paymentStatus=&paymentMethod=&warehouseId=6a8970c1263081c2a295176e [32m204[0m 0.148 ms - 0[0m
[2026-08-31 15:12:56] HTTP: [0mGET /api/v1/admin/orders?page=1&limit=10&search=&orderStatus=&paymentStatus=&paymentMethod=&warehouseId=6a8970c1263081c2a295176e [32m200[0m 126.838 ms - -[0m
[2026-08-31 15:12:59] HTTP: [0mOPTIONS /api/v1/admin/orders?page=1&limit=10&search=&orderStatus=&paymentStatus=&paymentMethod=&warehouseId= [32m204[0m 0.102 ms - 0[0m
[2026-08-31 15:12:59] HTTP: [0mGET /api/v1/admin/orders?page=1&limit=10&search=&orderStatus=&paymentStatus=&paymentMethod=&warehouseId= [36m304[0m 129.875 ms - -[0m
[2026-08-31 15:13:07] HTTP: [0mGET /api/v1/auth/me [33m401[0m 0.732 ms - 63[0m
[2026-08-31 15:13:07] HTTP: [0mGET /api/v1/auth/me [33m401[0m 0.311 ms - 63[0m
[2026-08-31 15:13:07] HTTP: [0mOPTIONS /api/v1/auth/refresh-token [32m204[0m 0.104 ms - 0[0m
[2026-08-31 15:13:07] HTTP: [0mPOST /api/v1/auth/refresh-token [33m400[0m 7.893 ms - 55[0m
[2026-08-31 15:13:08] HTTP: [0mOPTIONS /api/v1/admin/orders/ORD-000007/status [32m204[0m 0.162 ms - 0[0m
[2026-08-31 15:13:09] HTTP: [0mPUT /api/v1/admin/orders/ORD-000007/status [32m200[0m 221.053 ms - -[0m
[2026-08-31 15:13:13] HTTP: [0mOPTIONS /api/v1/admin/customers [32m204[0m 0.100 ms - 0[0m
[2026-08-31 15:13:13] HTTP: [0mOPTIONS /api/v1/admin/customers [32m204[0m 0.055 ms - 0[0m
[2026-08-31 15:13:13] HTTP: [0mGET /api/v1/admin/customers [32m200[0m 84.100 ms - -[0m
[2026-08-31 15:13:13] HTTP: [0mGET /api/v1/admin/customers [36m304[0m 81.675 ms - -[0m
[2026-08-31 15:13:15] HTTP: [0mOPTIONS /api/v1/admin/get-warehouses [32m204[0m 0.179 ms - 0[0m
[2026-08-31 15:13:15] HTTP: [0mOPTIONS /api/v1/admin/orders?page=1&limit=10&search=&orderStatus=&paymentStatus=&paymentMethod=&warehouseId= [32m204[0m 0.126 ms - 0[0m
[2026-08-31 15:13:15] HTTP: [0mOPTIONS /api/v1/admin/get-warehouses [32m204[0m 0.048 ms - 0[0m
[2026-08-31 15:13:15] HTTP: [0mOPTIONS /api/v1/admin/orders?page=1&limit=10&search=&orderStatus=&paymentStatus=&paymentMethod=&warehouseId= [32m204[0m 0.354 ms - 0[0m
[2026-08-31 15:13:16] HTTP: [0mGET /api/v1/admin/get-warehouses [36m304[0m 82.761 ms - -[0m
[2026-08-31 15:13:16] HTTP: [0mGET /api/v1/admin/orders?page=1&limit=10&search=&orderStatus=&paymentStatus=&paymentMethod=&warehouseId= [32m200[0m 120.529 ms - -[0m
[2026-08-31 15:13:16] HTTP: [0mGET /api/v1/admin/get-warehouses [36m304[0m 84.126 ms - -[0m
[2026-08-31 15:13:16] HTTP: [0mGET /api/v1/admin/orders?page=1&limit=10&search=&orderStatus=&paymentStatus=&paymentMethod=&warehouseId= [36m304[0m 115.026 ms - -[0m
[2026-08-31 15:13:16] HTTP: [0mOPTIONS /api/v1/admin/inventory?page=1&limit=15&search=&warehouseId= [32m204[0m 0.114 ms - 0[0m
[2026-08-31 15:13:16] HTTP: [0mOPTIONS /api/v1/admin/inventory?page=1&limit=15&search=&warehouseId= [32m204[0m 0.084 ms - 0[0m
[2026-08-31 15:13:16] HTTP: [0mGET /api/v1/admin/get-warehouses [36m304[0m 83.370 ms - -[0m
[2026-08-31 15:13:16] HTTP: [0mGET /api/v1/admin/get-warehouses [36m304[0m 83.094 ms - -[0m
[2026-08-31 15:13:16] HTTP: [0mGET /api/v1/admin/inventory?page=1&limit=15&search=&warehouseId= [36m304[0m 256.725 ms - -[0m
[2026-08-31 15:13:16] HTTP: [0mGET /api/v1/admin/inventory?page=1&limit=15&search=&warehouseId= [36m304[0m 243.738 ms - -[0m
[2026-08-31 15:13:17] HTTP: [0mOPTIONS /api/v1/categories [32m204[0m 0.120 ms - 0[0m
[2026-08-31 15:13:17] HTTP: [0mOPTIONS /api/v1/sub-categories [32m204[0m 0.071 ms - 0[0m
[2026-08-31 15:13:17] HTTP: [0mOPTIONS /api/v1/products?page=1&limit=10&search=&category=&subCategory=&status= [32m204[0m 0.057 ms - 0[0m
[2026-08-31 15:13:17] HTTP: [0mOPTIONS /api/v1/categories [32m204[0m 0.060 ms - 0[0m
[2026-08-31 15:13:17] HTTP: [0mOPTIONS /api/v1/sub-categories [32m204[0m 0.040 ms - 0[0m
[2026-08-31 15:13:17] HTTP: [0mOPTIONS /api/v1/products?page=1&limit=10&search=&category=&subCategory=&status= [32m204[0m 0.151 ms - 0[0m
[2026-08-31 15:13:17] HTTP: [0mGET /api/v1/categories [36m304[0m 45.956 ms - -[0m
[2026-08-31 15:13:17] HTTP: [0mGET /api/v1/sub-categories [36m304[0m 73.125 ms - -[0m
[2026-08-31 15:13:17] HTTP: [0mGET /api/v1/products?page=1&limit=10&search=&category=&subCategory=&status= [36m304[0m 73.287 ms - -[0m
[2026-08-31 15:13:17] HTTP: [0mGET /api/v1/categories [36m304[0m 41.947 ms - -[0m
[2026-08-31 15:13:17] HTTP: [0mGET /api/v1/sub-categories [36m304[0m 67.817 ms - -[0m
[2026-08-31 15:13:17] HTTP: [0mGET /api/v1/products?page=1&limit=10&search=&category=&subCategory=&status= [36m304[0m 81.433 ms - -[0m
[2026-08-31 15:13:26] HTTP: [0mOPTIONS /api/v1/admin/get-warehouses [32m204[0m 0.107 ms - 0[0m
[2026-08-31 15:13:26] HTTP: [0mOPTIONS /api/v1/admin/inventory?page=1&limit=15&search=&warehouseId= [32m204[0m 0.131 ms - 0[0m
[2026-08-31 15:13:26] HTTP: [0mOPTIONS /api/v1/admin/get-warehouses [32m204[0m 0.100 ms - 0[0m
[2026-08-31 15:13:26] HTTP: [0mOPTIONS /api/v1/admin/inventory?page=1&limit=15&search=&warehouseId= [32m204[0m 0.072 ms - 0[0m
[2026-08-31 15:13:27] HTTP: [0mGET /api/v1/admin/get-warehouses [36m304[0m 82.636 ms - -[0m
[2026-08-31 15:13:27] HTTP: [0mGET /api/v1/admin/get-warehouses [36m304[0m 77.527 ms - -[0m
[2026-08-31 15:13:27] HTTP: [0mGET /api/v1/admin/inventory?page=1&limit=15&search=&warehouseId= [36m304[0m 207.782 ms - -[0m
[2026-08-31 15:13:27] HTTP: [0mGET /api/v1/admin/inventory?page=1&limit=15&search=&warehouseId= [36m304[0m 223.704 ms - -[0m
[2026-08-31 15:13:56] HTTP: [0mOPTIONS /api/v1/admin/customers [32m204[0m 0.130 ms - 0[0m
[2026-08-31 15:13:56] HTTP: [0mOPTIONS /api/v1/admin/customers [32m204[0m 0.063 ms - 0[0m
[2026-08-31 15:13:56] HTTP: [0mGET /api/v1/admin/customers [36m304[0m 81.275 ms - -[0m
[2026-08-31 15:13:56] HTTP: [0mGET /api/v1/admin/customers [36m304[0m 82.742 ms - -[0m
[2026-08-31 15:13:57] HTTP: [0mOPTIONS /api/v1/admin/get-warehouses [32m204[0m 0.100 ms - 0[0m
[2026-08-31 15:13:57] HTTP: [0mOPTIONS /api/v1/admin/orders?page=1&limit=10&search=&orderStatus=&paymentStatus=&paymentMethod=&warehouseId= [32m204[0m 0.049 ms - 0[0m
[2026-08-31 15:13:57] HTTP: [0mOPTIONS /api/v1/admin/get-warehouses [32m204[0m 0.036 ms - 0[0m
[2026-08-31 15:13:57] HTTP: [0mOPTIONS /api/v1/admin/orders?page=1&limit=10&search=&orderStatus=&paymentStatus=&paymentMethod=&warehouseId= [32m204[0m 0.049 ms - 0[0m
[2026-08-31 15:13:57] HTTP: [0mGET /api/v1/admin/get-warehouses [36m304[0m 86.558 ms - -[0m
[2026-08-31 15:13:57] HTTP: [0mGET /api/v1/admin/orders?page=1&limit=10&search=&orderStatus=&paymentStatus=&paymentMethod=&warehouseId= [36m304[0m 114.690 ms - -[0m
[2026-08-31 15:13:57] HTTP: [0mGET /api/v1/admin/get-warehouses [36m304[0m 81.744 ms - -[0m
[2026-08-31 15:13:57] HTTP: [0mGET /api/v1/admin/orders?page=1&limit=10&search=&orderStatus=&paymentStatus=&paymentMethod=&warehouseId= [36m304[0m 112.221 ms - -[0m
[2026-08-31 15:13:58] HTTP: [0mOPTIONS /api/v1/admin/get-staff [32m204[0m 0.123 ms - 0[0m
[2026-08-31 15:13:58] HTTP: [0mOPTIONS /api/v1/admin/get-staff [32m204[0m 0.059 ms - 0[0m
[2026-08-31 15:13:58] HTTP: [0mGET /api/v1/admin/get-warehouses [36m304[0m 80.885 ms - -[0m
[2026-08-31 15:13:58] HTTP: [0mGET /api/v1/admin/get-staff [32m200[0m 95.646 ms - -[0m
[2026-08-31 15:13:58] HTTP: [0mGET /api/v1/admin/get-warehouses [36m304[0m 79.598 ms - -[0m
[2026-08-31 15:13:58] HTTP: [0mGET /api/v1/admin/get-staff [36m304[0m 98.520 ms - -[0m
[2026-08-31 15:13:59] HTTP: [0mOPTIONS /api/v1/auth/me [32m204[0m 0.105 ms - 0[0m
[2026-08-31 15:13:59] HTTP: [0mOPTIONS /api/v1/auth/me [32m204[0m 0.099 ms - 0[0m
[2026-08-31 15:13:59] HTTP: [0mGET /api/v1/auth/me [36m304[0m 32.619 ms - -[0m
[2026-08-31 15:13:59] HTTP: [0mGET /api/v1/auth/me [36m304[0m 34.626 ms - -[0m
[2026-08-31 15:14:00] HTTP: [0mGET /api/v1/admin/get-staff [36m304[0m 97.639 ms - -[0m
[2026-08-31 15:14:00] HTTP: [0mGET /api/v1/admin/get-staff [36m304[0m 98.926 ms - -[0m
[2026-08-31 15:14:02] HTTP: [0mOPTIONS /api/v1/categories?page=1&limit=10&search=&status= [32m204[0m 0.092 ms - 0[0m
[2026-08-31 15:14:02] HTTP: [0mOPTIONS /api/v1/categories?page=1&limit=10&search=&status= [32m204[0m 0.056 ms - 0[0m
[2026-08-31 15:14:02] HTTP: [0mGET /api/v1/categories?page=1&limit=10&search=&status= [32m200[0m 39.887 ms - -[0m
[2026-08-31 15:14:03] HTTP: [0mGET /api/v1/categories?page=1&limit=10&search=&status= [36m304[0m 38.335 ms - -[0m
[2026-08-31 15:14:03] HTTP: [0mOPTIONS /api/v1/banners/admin/all?page=1&limit=10 [32m204[0m 0.119 ms - 0[0m
[2026-08-31 15:14:03] HTTP: [0mOPTIONS /api/v1/banners/admin/all?page=1&limit=10 [32m204[0m 0.152 ms - 0[0m
[2026-08-31 15:14:03] HTTP: [0mGET /api/v1/banners/admin/all?page=1&limit=10 [32m200[0m 345.858 ms - -[0m
[2026-08-31 15:14:03] HTTP: [0mGET /api/v1/banners/admin/all?page=1&limit=10 [36m304[0m 85.303 ms - -[0m
[2026-08-31 15:14:04] HTTP: [0mOPTIONS /api/v1/coupons/admin?page=1&limit=10 [32m204[0m 0.125 ms - 0[0m
[2026-08-31 15:14:04] HTTP: [0mOPTIONS /api/v1/coupons/admin?page=1&limit=10 [32m204[0m 0.083 ms - 0[0m
[2026-08-31 15:14:04] HTTP: [0mGET /api/v1/coupons/admin?page=1&limit=10 [32m200[0m 82.399 ms - 800[0m
[2026-08-31 15:14:04] HTTP: [0mGET /api/v1/coupons/admin?page=1&limit=10 [36m304[0m 83.236 ms - -[0m
[2026-08-31 15:14:05] HTTP: [0mOPTIONS /api/v1/categories [32m204[0m 0.115 ms - 0[0m
[2026-08-31 15:14:05] HTTP: [0mOPTIONS /api/v1/sub-categories [32m204[0m 0.049 ms - 0[0m
[2026-08-31 15:14:05] HTTP: [0mOPTIONS /api/v1/products?page=1&limit=10&search=&category=&subCategory=&status= [32m204[0m 0.032 ms - 0[0m
[2026-08-31 15:14:05] HTTP: [0mOPTIONS /api/v1/categories [32m204[0m 0.035 ms - 0[0m
[2026-08-31 15:14:05] HTTP: [0mGET /api/v1/categories [36m304[0m 45.965 ms - -[0m
[2026-08-31 15:14:05] HTTP: [0mGET /api/v1/sub-categories [36m304[0m 86.209 ms - -[0m
[2026-08-31 15:14:05] HTTP: [0mGET /api/v1/categories [36m304[0m 47.481 ms - -[0m
[2026-08-31 15:14:05] HTTP: [0mGET /api/v1/products?page=1&limit=10&search=&category=&subCategory=&status= [36m304[0m 95.630 ms - -[0m
[2026-08-31 15:14:05] HTTP: [0mGET /api/v1/sub-categories [36m304[0m 86.711 ms - -[0m
[2026-08-31 15:14:05] HTTP: [0mGET /api/v1/products?page=1&limit=10&search=&category=&subCategory=&status= [36m304[0m 124.234 ms - -[0m
[2026-08-31 15:14:06] HTTP: [0mOPTIONS /api/v1/admin/get-warehouses [32m204[0m 0.117 ms - 0[0m
[2026-08-31 15:14:06] HTTP: [0mOPTIONS /api/v1/admin/inventory?page=1&limit=15&search=&warehouseId= [32m204[0m 0.078 ms - 0[0m
[2026-08-31 15:14:06] HTTP: [0mOPTIONS /api/v1/admin/inventory?page=1&limit=15&search=&warehouseId= [32m204[0m 0.069 ms - 0[0m
[2026-08-31 15:14:06] HTTP: [0mGET /api/v1/admin/get-warehouses [36m304[0m 80.565 ms - -[0m
[2026-08-31 15:14:06] HTTP: [0mGET /api/v1/admin/get-warehouses [36m304[0m 89.100 ms - -[0m
[2026-08-31 15:14:06] HTTP: [0mGET /api/v1/admin/inventory?page=1&limit=15&search=&warehouseId= [36m304[0m 245.208 ms - -[0m
[2026-08-31 15:14:06] HTTP: [0mGET /api/v1/admin/inventory?page=1&limit=15&search=&warehouseId= [36m304[0m 254.254 ms - -[0m
[2026-08-31 15:14:07] HTTP: [0mOPTIONS /api/v1/admin/customers [32m204[0m 0.085 ms - 0[0m
[2026-08-31 15:14:07] HTTP: [0mOPTIONS /api/v1/admin/customers [32m204[0m 0.054 ms - 0[0m
[2026-08-31 15:14:07] HTTP: [0mGET /api/v1/admin/customers [36m304[0m 84.017 ms - -[0m
[2026-08-31 15:14:07] HTTP: [0mGET /api/v1/admin/customers [36m304[0m 79.349 ms - -[0m
[2026-08-31 15:14:07] HTTP: [0mOPTIONS /api/v1/admin/orders?page=1&limit=10&search=&orderStatus=&paymentStatus=&paymentMethod=&warehouseId= [32m204[0m 0.116 ms - 0[0m
[2026-08-31 15:14:07] HTTP: [0mOPTIONS /api/v1/admin/orders?page=1&limit=10&search=&orderStatus=&paymentStatus=&paymentMethod=&warehouseId= [32m204[0m 0.091 ms - 0[0m
[2026-08-31 15:14:07] HTTP: [0mGET /api/v1/admin/get-warehouses [36m304[0m 84.046 ms - -[0m
[2026-08-31 15:14:07] HTTP: [0mGET /api/v1/admin/orders?page=1&limit=10&search=&orderStatus=&paymentStatus=&paymentMethod=&warehouseId= [36m304[0m 132.855 ms - -[0m
[2026-08-31 15:14:07] HTTP: [0mGET /api/v1/admin/get-warehouses [36m304[0m 81.813 ms - -[0m
[2026-08-31 15:14:08] HTTP: [0mGET /api/v1/admin/orders?page=1&limit=10&search=&orderStatus=&paymentStatus=&paymentMethod=&warehouseId= [36m304[0m 131.263 ms - -[0m
[2026-08-31 15:14:18] HTTP: [0mOPTIONS /api/v1/admin/get-staff [32m204[0m 0.236 ms - 0[0m
[2026-08-31 15:14:18] HTTP: [0mOPTIONS /api/v1/admin/get-staff [32m204[0m 0.078 ms - 0[0m
[2026-08-31 15:14:18] HTTP: [0mGET /api/v1/admin/get-staff [36m304[0m 124.372 ms - -[0m
[2026-08-31 15:14:18] HTTP: [0mGET /api/v1/admin/get-staff [36m304[0m 121.574 ms - -[0m
[2026-08-31 15:14:20] HTTP: [0mOPTIONS /api/v1/auth/me [32m204[0m 0.116 ms - 0[0m
[2026-08-31 15:14:20] HTTP: [0mOPTIONS /api/v1/auth/me [32m204[0m 0.068 ms - 0[0m
[2026-08-31 15:14:20] HTTP: [0mGET /api/v1/auth/me [36m304[0m 43.624 ms - -[0m
[2026-08-31 15:14:20] HTTP: [0mGET /api/v1/auth/me [36m304[0m 41.699 ms - -[0m
[2026-08-31 15:14:20] HTTP: [0mOPTIONS /api/v1/admin/get-warehouses [32m204[0m 0.136 ms - 0[0m
[2026-08-31 15:14:20] HTTP: [0mOPTIONS /api/v1/admin/get-warehouses [32m204[0m 0.057 ms - 0[0m
[2026-08-31 15:14:20] HTTP: [0mGET /api/v1/admin/get-warehouses [36m304[0m 79.990 ms - -[0m
[2026-08-31 15:14:20] HTTP: [0mGET /api/v1/admin/get-staff [36m304[0m 125.408 ms - -[0m
[2026-08-31 15:14:20] HTTP: [0mGET /api/v1/admin/get-warehouses [36m304[0m 78.807 ms - -[0m
[2026-08-31 15:14:20] HTTP: [0mGET /api/v1/admin/get-staff [36m304[0m 129.922 ms - -[0m
[2026-08-31 15:14:22] HTTP: [0mGET /api/v1/admin/get-staff [36m304[0m 120.913 ms - -[0m
[2026-08-31 15:14:22] HTTP: [0mGET /api/v1/admin/get-staff [36m304[0m 133.973 ms - -[0m
[2026-08-31 15:14:23] HTTP: [0mOPTIONS /api/v1/admin/orders?page=1&limit=10&search=&orderStatus=&paymentStatus=&paymentMethod=&warehouseId= [32m204[0m 0.090 ms - 0[0m
[2026-08-31 15:14:23] HTTP: [0mOPTIONS /api/v1/admin/orders?page=1&limit=10&search=&orderStatus=&paymentStatus=&paymentMethod=&warehouseId= [32m204[0m 0.057 ms - 0[0m
[2026-08-31 15:14:23] HTTP: [0mGET /api/v1/admin/get-warehouses [36m304[0m 81.263 ms - -[0m
[2026-08-31 15:14:23] HTTP: [0mGET /api/v1/admin/orders?page=1&limit=10&search=&orderStatus=&paymentStatus=&paymentMethod=&warehouseId= [36m304[0m 117.728 ms - -[0m
[2026-08-31 15:14:23] HTTP: [0mGET /api/v1/admin/get-warehouses [36m304[0m 81.520 ms - -[0m
[2026-08-31 15:14:23] HTTP: [0mGET /api/v1/admin/orders?page=1&limit=10&search=&orderStatus=&paymentStatus=&paymentMethod=&warehouseId= [36m304[0m 115.399 ms - -[0m
[2026-08-31 15:14:23] HTTP: [0mOPTIONS /api/v1/admin/customers [32m204[0m 0.150 ms - 0[0m
[2026-08-31 15:14:23] HTTP: [0mOPTIONS /api/v1/admin/customers [32m204[0m 0.058 ms - 0[0m
[2026-08-31 15:14:23] HTTP: [0mGET /api/v1/admin/customers [36m304[0m 85.988 ms - -[0m
[2026-08-31 15:14:24] HTTP: [0mGET /api/v1/admin/customers [36m304[0m 83.615 ms - -[0m
[2026-08-31 15:14:30] HTTP: [0mOPTIONS /api/v1/admin/dashboard [32m204[0m 0.087 ms - 0[0m
[2026-08-31 15:14:30] HTTP: [0mOPTIONS /api/v1/admin/dashboard [32m204[0m 0.047 ms - 0[0m
[2026-08-31 15:14:30] HTTP: [0mGET /api/v1/admin/dashboard [32m200[0m 120.566 ms - 308[0m
[2026-08-31 15:14:31] HTTP: [0mGET /api/v1/admin/dashboard [36m304[0m 121.811 ms - -[0m
[2026-08-31 15:24:06] HTTP: [0mOPTIONS /api/v1/admin/customers [32m204[0m 0.098 ms - 0[0m
[2026-08-31 15:24:06] HTTP: [0mOPTIONS /api/v1/admin/customers [32m204[0m 0.057 ms - 0[0m
[2026-08-31 15:24:06] HTTP: [0mGET /api/v1/admin/customers [33m401[0m 2.692 ms - 63[0m
[2026-08-31 15:24:06] HTTP: [0mGET /api/v1/admin/customers [33m401[0m 1.363 ms - 63[0m
[2026-08-31 15:24:06] HTTP: [0mOPTIONS /api/v1/auth/refresh-token [32m204[0m 0.092 ms - 0[0m
[2026-08-31 15:24:06] HTTP: [0mPOST /api/v1/auth/refresh-token [32m200[0m 96.775 ms - 483[0m
[2026-08-31 15:24:06] HTTP: [0mGET /api/v1/admin/customers [36m304[0m 81.136 ms - -[0m
[2026-08-31 15:24:06] HTTP: [0mGET /api/v1/admin/customers [36m304[0m 81.754 ms - -[0m
[2026-08-31 15:24:11] HTTP: [0mOPTIONS /api/v1/admin/customers/6a8d6522e2f4862827664d51 [32m204[0m 0.097 ms - 0[0m
[2026-08-31 15:24:11] HTTP: [0mOPTIONS /api/v1/admin/customers/6a8d6522e2f4862827664d51 [32m204[0m 0.067 ms - 0[0m
[2026-08-31 15:24:11] HTTP: [0mGET /api/v1/admin/customers/6a8d6522e2f4862827664d51 [32m200[0m 123.028 ms - 524[0m
[2026-08-31 15:24:11] HTTP: [0mGET /api/v1/admin/customers/6a8d6522e2f4862827664d51 [36m304[0m 118.664 ms - -[0m
[2026-08-31 15:24:19] HTTP: [0mOPTIONS /api/v1/admin/customers/6a8bc7b11ea698a452ad0dab [32m204[0m 0.096 ms - 0[0m
[2026-08-31 15:24:19] HTTP: [0mOPTIONS /api/v1/admin/customers/6a8bc7b11ea698a452ad0dab [32m204[0m 0.057 ms - 0[0m
[2026-08-31 15:24:19] HTTP: [0mGET /api/v1/admin/customers/6a8bc7b11ea698a452ad0dab [32m200[0m 121.637 ms - -[0m
[2026-08-31 15:24:19] HTTP: [0mGET /api/v1/admin/customers/6a8bc7b11ea698a452ad0dab [36m304[0m 122.888 ms - -[0m
[2026-08-31 15:30:35] INFO: Server running on port 5000 in development mode
[2026-08-31 15:30:45] INFO: Server running on port 5000 in development mode
[2026-08-31 15:33:09] HTTP: [0mOPTIONS /api/v1/auth/me [32m204[0m 1.691 ms - 0[0m
[2026-08-31 15:33:09] HTTP: [0mOPTIONS /api/v1/auth/me [32m204[0m 0.138 ms - 0[0m
[2026-08-31 15:33:09] HTTP: [0mGET /api/v1/auth/me [36m304[0m 56.468 ms - -[0m
[2026-08-31 15:33:09] HTTP: [0mGET /api/v1/auth/me [36m304[0m 41.799 ms - -[0m
[2026-08-31 15:33:09] HTTP: [0mOPTIONS /api/v1/admin/customers [32m204[0m 0.150 ms - 0[0m
[2026-08-31 15:33:09] HTTP: [0mOPTIONS /api/v1/admin/customers [32m204[0m 0.106 ms - 0[0m
[2026-08-31 15:33:09] HTTP: [0mGET /api/v1/admin/customers [36m304[0m 83.661 ms - -[0m
[2026-08-31 15:33:09] HTTP: [0mGET /api/v1/admin/customers [36m304[0m 81.540 ms - -[0m
[2026-08-31 15:33:17] HTTP: [0mOPTIONS /api/v1/auth/me [32m204[0m 0.186 ms - 0[0m
[2026-08-31 15:33:17] HTTP: [0mOPTIONS /api/v1/auth/me [32m204[0m 0.202 ms - 0[0m
[2026-08-31 15:33:17] HTTP: [0mGET /api/v1/auth/me [36m304[0m 40.779 ms - -[0m
[2026-08-31 15:33:17] HTTP: [0mGET /api/v1/auth/me [36m304[0m 39.884 ms - -[0m
[2026-08-31 15:33:17] HTTP: [0mOPTIONS /api/v1/admin/revenue?startDate=&endDate= [32m204[0m 0.181 ms - 0[0m
[2026-08-31 15:33:17] HTTP: [0mOPTIONS /api/v1/admin/revenue?startDate=&endDate= [32m204[0m 0.097 ms - 0[0m
[2026-08-31 15:33:18] HTTP: [0mGET /api/v1/admin/revenue?startDate=&endDate= [32m200[0m 161.212 ms - 152[0m
[2026-08-31 15:33:18] HTTP: [0mGET /api/v1/admin/revenue?startDate=&endDate= [36m304[0m 160.276 ms - -[0m
[2026-08-31 15:33:19] HTTP: [0mOPTIONS /api/v1/auth/me [32m204[0m 0.115 ms - 0[0m
[2026-08-31 15:33:19] HTTP: [0mGET /api/v1/auth/me [33m401[0m 1.849 ms - 63[0m
[2026-08-31 15:33:19] HTTP: [0mGET /api/v1/auth/me [33m401[0m 1.299 ms - 63[0m
[2026-08-31 15:33:19] HTTP: [0mOPTIONS /api/v1/auth/refresh-token [32m204[0m 0.120 ms - 0[0m
[2026-08-31 15:33:19] HTTP: [0mPOST /api/v1/auth/refresh-token [32m200[0m 135.106 ms - 515[0m
[2026-08-31 15:33:19] HTTP: [0mGET /api/v1/auth/me [32m200[0m 43.919 ms - 615[0m
[2026-08-31 15:33:19] HTTP: [0mGET /api/v1/auth/me [32m200[0m 43.349 ms - 615[0m
[2026-08-31 15:33:19] HTTP: [0mOPTIONS /api/v1/admin/get-warehouses [32m204[0m 0.126 ms - 0[0m
[2026-08-31 15:33:19] HTTP: [0mOPTIONS /api/v1/admin/orders?page=1&limit=10&search=&orderStatus=&paymentStatus=&paymentMethod=&warehouseId= [32m204[0m 0.100 ms - 0[0m
[2026-08-31 15:33:19] HTTP: [0mOPTIONS /api/v1/admin/get-warehouses [32m204[0m 0.049 ms - 0[0m
[2026-08-31 15:33:19] HTTP: [0mOPTIONS /api/v1/admin/orders?page=1&limit=10&search=&orderStatus=&paymentStatus=&paymentMethod=&warehouseId= [32m204[0m 0.054 ms - 0[0m
[2026-08-31 15:33:19] HTTP: [0mGET /api/v1/admin/get-warehouses [36m304[0m 70.834 ms - -[0m
[2026-08-31 15:33:19] HTTP: [0mOPTIONS /api/v1/admin/orders?page=1&limit=10&search=&orderStatus=&paymentStatus=&paymentMethod=&warehouseId=6a8970c1263081c2a295176e [32m204[0m 0.090 ms - 0[0m
[2026-08-31 15:33:19] HTTP: [0mGET /api/v1/admin/get-warehouses [32m200[0m 84.793 ms - 540[0m
[2026-08-31 15:33:20] HTTP: [0mGET /api/v1/admin/orders?page=1&limit=10&search=&orderStatus=&paymentStatus=&paymentMethod=&warehouseId= [36m304[0m 129.026 ms - -[0m
[2026-08-31 15:33:20] HTTP: [0mGET /api/v1/admin/orders?page=1&limit=10&search=&orderStatus=&paymentStatus=&paymentMethod=&warehouseId= [32m200[0m 131.479 ms - -[0m
[2026-08-31 15:33:20] HTTP: [0mGET /api/v1/admin/orders?page=1&limit=10&search=&orderStatus=&paymentStatus=&paymentMethod=&warehouseId=6a8970c1263081c2a295176e [36m304[0m 130.291 ms - -[0m
[2026-08-31 15:33:54] HTTP: [0mOPTIONS /api/v1/admin/revenue?startDate=2026-08-01&endDate= [32m204[0m 0.107 ms - 0[0m
[2026-08-31 15:33:54] HTTP: [0mGET /api/v1/admin/revenue?startDate=2026-08-01&endDate= [32m200[0m 182.684 ms - 152[0m
[2026-08-31 15:33:56] HTTP: [0mOPTIONS /api/v1/admin/revenue?startDate=2026-08-01&endDate=2026-08-31 [32m204[0m 0.091 ms - 0[0m
[2026-08-31 15:33:57] HTTP: [0mGET /api/v1/admin/revenue?startDate=2026-08-01&endDate=2026-08-31 [32m200[0m 179.352 ms - 152[0m
[2026-08-31 15:34:04] HTTP: [0mOPTIONS /api/v1/admin/get-warehouses [32m204[0m 0.141 ms - 0[0m
[2026-08-31 15:34:04] HTTP: [0mOPTIONS /api/v1/admin/orders?page=1&limit=10&search=&orderStatus=&paymentStatus=&paymentMethod=&warehouseId= [32m204[0m 0.073 ms - 0[0m
[2026-08-31 15:34:04] HTTP: [0mOPTIONS /api/v1/admin/get-warehouses [32m204[0m 0.075 ms - 0[0m
[2026-08-31 15:34:04] HTTP: [0mOPTIONS /api/v1/admin/orders?page=1&limit=10&search=&orderStatus=&paymentStatus=&paymentMethod=&warehouseId= [32m204[0m 0.039 ms - 0[0m
[2026-08-31 15:34:04] HTTP: [0mGET /api/v1/admin/get-warehouses [36m304[0m 88.612 ms - -[0m
[2026-08-31 15:34:04] HTTP: [0mGET /api/v1/admin/orders?page=1&limit=10&search=&orderStatus=&paymentStatus=&paymentMethod=&warehouseId= [32m200[0m 122.892 ms - -[0m
[2026-08-31 15:34:04] HTTP: [0mGET /api/v1/admin/get-warehouses [36m304[0m 91.150 ms - -[0m
[2026-08-31 15:34:04] HTTP: [0mGET /api/v1/admin/orders?page=1&limit=10&search=&orderStatus=&paymentStatus=&paymentMethod=&warehouseId= [36m304[0m 134.417 ms - -[0m
[2026-08-31 15:34:09] HTTP: [0mOPTIONS /api/v1/admin/orders/ORD-000008/status [32m204[0m 0.097 ms - 0[0m
[2026-08-31 15:34:10] HTTP: [0mPUT /api/v1/admin/orders/ORD-000008/status [32m200[0m 238.512 ms - -[0m
[2026-08-31 15:34:12] HTTP: [0mOPTIONS /api/v1/admin/revenue?startDate=&endDate= [32m204[0m 0.108 ms - 0[0m
[2026-08-31 15:34:12] HTTP: [0mOPTIONS /api/v1/admin/revenue?startDate=&endDate= [32m204[0m 0.112 ms - 0[0m
[2026-08-31 15:34:12] HTTP: [0mGET /api/v1/admin/revenue?startDate=&endDate= [36m304[0m 193.843 ms - -[0m
[2026-08-31 15:34:12] HTTP: [0mGET /api/v1/admin/revenue?startDate=&endDate= [36m304[0m 185.959 ms - -[0m
[2026-08-31 15:34:15] HTTP: [0mOPTIONS /api/v1/auth/me [32m204[0m 0.249 ms - 0[0m
[2026-08-31 15:34:15] HTTP: [0mOPTIONS /api/v1/auth/me [32m204[0m 0.074 ms - 0[0m
[2026-08-31 15:34:15] HTTP: [0mGET /api/v1/auth/me [36m304[0m 48.131 ms - -[0m
[2026-08-31 15:34:15] HTTP: [0mGET /api/v1/auth/me [36m304[0m 47.945 ms - -[0m
[2026-08-31 15:34:16] HTTP: [0mGET /api/v1/admin/revenue?startDate=&endDate= [36m304[0m 181.405 ms - -[0m
[2026-08-31 15:34:16] HTTP: [0mGET /api/v1/admin/revenue?startDate=&endDate= [36m304[0m 178.087 ms - -[0m
[2026-08-31 15:34:17] HTTP: [0mOPTIONS /api/v1/admin/get-warehouses [32m204[0m 0.149 ms - 0[0m
[2026-08-31 15:34:17] HTTP: [0mOPTIONS /api/v1/admin/revenue?startDate=2026-08-31&endDate=2026-08-31&warehouseId= [32m204[0m 0.129 ms - 0[0m
[2026-08-31 15:34:17] HTTP: [0mGET /api/v1/admin/get-warehouses [36m304[0m 88.391 ms - -[0m
[2026-08-31 15:34:17] HTTP: [0mGET /api/v1/admin/revenue?startDate=2026-08-31&endDate=2026-08-31&warehouseId= [32m200[0m 163.852 ms - 152[0m
[2026-08-31 15:34:18] HTTP: [0mOPTIONS /api/v1/admin/orders?page=1&limit=10&search=&orderStatus=&paymentStatus=&paymentMethod=&warehouseId= [32m204[0m 0.109 ms - 0[0m
[2026-08-31 15:34:18] HTTP: [0mOPTIONS /api/v1/admin/orders?page=1&limit=10&search=&orderStatus=&paymentStatus=&paymentMethod=&warehouseId= [32m204[0m 0.135 ms - 0[0m
[2026-08-31 15:34:18] HTTP: [0mGET /api/v1/admin/get-warehouses [36m304[0m 83.963 ms - -[0m
[2026-08-31 15:34:18] HTTP: [0mGET /api/v1/admin/orders?page=1&limit=10&search=&orderStatus=&paymentStatus=&paymentMethod=&warehouseId= [32m200[0m 138.509 ms - -[0m
[2026-08-31 15:34:18] HTTP: [0mGET /api/v1/admin/get-warehouses [36m304[0m 82.723 ms - -[0m
[2026-08-31 15:34:19] HTTP: [0mGET /api/v1/admin/orders?page=1&limit=10&search=&orderStatus=&paymentStatus=&paymentMethod=&warehouseId= [36m304[0m 136.733 ms - -[0m
[2026-08-31 15:34:27] HTTP: [0mOPTIONS /api/v1/admin/orders/ORD-000008/status [32m204[0m 0.088 ms - 0[0m
[2026-08-31 15:34:27] HTTP: [0mPUT /api/v1/admin/orders/ORD-000008/status [32m200[0m 211.141 ms - -[0m
[2026-08-31 15:34:32] HTTP: [0mOPTIONS /api/v1/auth/me [32m204[0m 0.160 ms - 0[0m
[2026-08-31 15:34:32] HTTP: [0mOPTIONS /api/v1/auth/me [32m204[0m 0.067 ms - 0[0m
[2026-08-31 15:34:32] HTTP: [0mGET /api/v1/auth/me [36m304[0m 41.392 ms - -[0m
[2026-08-31 15:34:32] HTTP: [0mGET /api/v1/auth/me [36m304[0m 42.389 ms - -[0m
[2026-08-31 15:34:32] HTTP: [0mOPTIONS /api/v1/admin/get-warehouses [32m204[0m 0.211 ms - 0[0m
[2026-08-31 15:34:32] HTTP: [0mOPTIONS /api/v1/admin/orders?page=1&limit=10&search=&orderStatus=&paymentStatus=&paymentMethod=&warehouseId= [32m204[0m 0.152 ms - 0[0m
[2026-08-31 15:34:32] HTTP: [0mOPTIONS /api/v1/admin/get-warehouses [32m204[0m 0.052 ms - 0[0m
[2026-08-31 15:34:32] HTTP: [0mOPTIONS /api/v1/admin/orders?page=1&limit=10&search=&orderStatus=&paymentStatus=&paymentMethod=&warehouseId= [32m204[0m 0.117 ms - 0[0m
[2026-08-31 15:34:32] HTTP: [0mGET /api/v1/admin/get-warehouses [36m304[0m 86.160 ms - -[0m
[2026-08-31 15:34:32] HTTP: [0mGET /api/v1/admin/orders?page=1&limit=10&search=&orderStatus=&paymentStatus=&paymentMethod=&warehouseId= [32m200[0m 139.729 ms - -[0m
[2026-08-31 15:34:32] HTTP: [0mGET /api/v1/admin/get-warehouses [36m304[0m 82.857 ms - -[0m
[2026-08-31 15:34:32] HTTP: [0mGET /api/v1/admin/orders?page=1&limit=10&search=&orderStatus=&paymentStatus=&paymentMethod=&warehouseId= [36m304[0m 137.200 ms - -[0m
[2026-08-31 15:34:35] HTTP: [0mOPTIONS /api/v1/admin/revenue?startDate=2026-08-31&endDate=2026-08-31&warehouseId= [32m204[0m 0.106 ms - 0[0m
[2026-08-31 15:34:35] HTTP: [0mOPTIONS /api/v1/admin/revenue?startDate=2026-08-31&endDate=2026-08-31&warehouseId= [32m204[0m 0.049 ms - 0[0m
[2026-08-31 15:34:35] HTTP: [0mGET /api/v1/admin/get-warehouses [36m304[0m 80.174 ms - -[0m
[2026-08-31 15:34:35] HTTP: [0mGET /api/v1/admin/revenue?startDate=2026-08-31&endDate=2026-08-31&warehouseId= [36m304[0m 162.313 ms - -[0m
[2026-08-31 15:34:35] HTTP: [0mGET /api/v1/admin/get-warehouses [36m304[0m 84.716 ms - -[0m
[2026-08-31 15:34:35] HTTP: [0mGET /api/v1/admin/revenue?startDate=2026-08-31&endDate=2026-08-31&warehouseId= [36m304[0m 164.677 ms - -[0m
[2026-08-31 15:34:39] HTTP: [0mOPTIONS /api/v1/auth/me [32m204[0m 0.092 ms - 0[0m
[2026-08-31 15:34:39] HTTP: [0mOPTIONS /api/v1/auth/me [32m204[0m 0.063 ms - 0[0m
[2026-08-31 15:34:39] HTTP: [0mGET /api/v1/auth/me [36m304[0m 39.688 ms - -[0m
[2026-08-31 15:34:39] HTTP: [0mGET /api/v1/auth/me [36m304[0m 42.650 ms - -[0m
[2026-08-31 15:34:39] HTTP: [0mOPTIONS /api/v1/admin/get-warehouses [32m204[0m 0.100 ms - 0[0m
[2026-08-31 15:34:39] HTTP: [0mOPTIONS /api/v1/admin/get-warehouses [32m204[0m 0.045 ms - 0[0m
[2026-08-31 15:34:39] HTTP: [0mGET /api/v1/admin/get-warehouses [36m304[0m 80.093 ms - -[0m
[2026-08-31 15:34:39] HTTP: [0mGET /api/v1/admin/get-warehouses [36m304[0m 78.260 ms - -[0m
[2026-08-31 15:34:39] HTTP: [0mGET /api/v1/admin/revenue?startDate=2026-08-31&endDate=2026-08-31&warehouseId= [36m304[0m 161.807 ms - -[0m
[2026-08-31 15:34:39] HTTP: [0mGET /api/v1/admin/revenue?startDate=2026-08-31&endDate=2026-08-31&warehouseId= [36m304[0m 163.523 ms - -[0m
[2026-08-31 15:34:43] HTTP: [0mOPTIONS /api/v1/admin/orders?page=1&limit=10&search=&orderStatus=&paymentStatus=&paymentMethod=&warehouseId= [32m204[0m 0.092 ms - 0[0m
[2026-08-31 15:34:43] HTTP: [0mOPTIONS /api/v1/admin/orders?page=1&limit=10&search=&orderStatus=&paymentStatus=&paymentMethod=&warehouseId= [32m204[0m 0.041 ms - 0[0m
[2026-08-31 15:34:43] HTTP: [0mGET /api/v1/admin/get-warehouses [36m304[0m 84.720 ms - -[0m
[2026-08-31 15:34:43] HTTP: [0mGET /api/v1/admin/orders?page=1&limit=10&search=&orderStatus=&paymentStatus=&paymentMethod=&warehouseId= [36m304[0m 141.961 ms - -[0m
[2026-08-31 15:34:43] HTTP: [0mGET /api/v1/admin/get-warehouses [36m304[0m 92.106 ms - -[0m
[2026-08-31 15:34:43] HTTP: [0mGET /api/v1/admin/orders?page=1&limit=10&search=&orderStatus=&paymentStatus=&paymentMethod=&warehouseId= [36m304[0m 133.918 ms - -[0m
[2026-08-31 15:34:50] HTTP: [0mOPTIONS /api/v1/admin/orders/ORD-000001/status [32m204[0m 0.087 ms - 0[0m
[2026-08-31 15:34:50] HTTP: [0mPUT /api/v1/admin/orders/ORD-000001/status [32m200[0m 241.436 ms - -[0m
[2026-08-31 15:34:54] HTTP: [0mOPTIONS /api/v1/admin/get-warehouses [32m204[0m 0.124 ms - 0[0m
[2026-08-31 15:34:54] HTTP: [0mOPTIONS /api/v1/admin/revenue?startDate=2026-08-31&endDate=2026-08-31&warehouseId= [32m204[0m 0.131 ms - 0[0m
[2026-08-31 15:34:54] HTTP: [0mOPTIONS /api/v1/admin/get-warehouses [32m204[0m 0.087 ms - 0[0m
[2026-08-31 15:34:54] HTTP: [0mOPTIONS /api/v1/admin/revenue?startDate=2026-08-31&endDate=2026-08-31&warehouseId= [32m204[0m 0.062 ms - 0[0m
[2026-08-31 15:34:54] HTTP: [0mGET /api/v1/admin/get-warehouses [36m304[0m 88.692 ms - -[0m
[2026-08-31 15:34:54] HTTP: [0mGET /api/v1/admin/revenue?startDate=2026-08-31&endDate=2026-08-31&warehouseId= [36m304[0m 162.962 ms - -[0m
[2026-08-31 15:34:54] HTTP: [0mGET /api/v1/admin/get-warehouses [36m304[0m 90.428 ms - -[0m
[2026-08-31 15:34:54] HTTP: [0mGET /api/v1/admin/revenue?startDate=2026-08-31&endDate=2026-08-31&warehouseId= [36m304[0m 173.402 ms - -[0m
[2026-08-31 15:34:56] HTTP: [0mOPTIONS /api/v1/auth/me [32m204[0m 0.143 ms - 0[0m
[2026-08-31 15:34:56] HTTP: [0mOPTIONS /api/v1/auth/me [32m204[0m 0.061 ms - 0[0m
[2026-08-31 15:34:56] HTTP: [0mGET /api/v1/auth/me [36m304[0m 40.835 ms - -[0m
[2026-08-31 15:34:56] HTTP: [0mGET /api/v1/auth/me [36m304[0m 40.151 ms - -[0m
[2026-08-31 15:34:56] HTTP: [0mGET /api/v1/admin/get-warehouses [36m304[0m 82.903 ms - -[0m
[2026-08-31 15:34:56] HTTP: [0mGET /api/v1/admin/get-warehouses [36m304[0m 81.544 ms - -[0m
[2026-08-31 15:34:56] HTTP: [0mGET /api/v1/admin/revenue?startDate=2026-08-31&endDate=2026-08-31&warehouseId= [36m304[0m 177.299 ms - -[0m
[2026-08-31 15:34:56] HTTP: [0mGET /api/v1/admin/revenue?startDate=2026-08-31&endDate=2026-08-31&warehouseId= [36m304[0m 180.264 ms - -[0m
[2026-08-31 15:34:59] HTTP: [0mOPTIONS /api/v1/admin/revenue?startDate=2026-07-31&endDate=2026-08-31&warehouseId= [32m204[0m 0.080 ms - 0[0m
[2026-08-31 15:35:00] HTTP: [0mGET /api/v1/admin/revenue?startDate=2026-07-31&endDate=2026-08-31&warehouseId= [32m200[0m 176.776 ms - 476[0m
[2026-08-31 15:35:07] HTTP: [0mOPTIONS /api/v1/admin/revenue?startDate=2026-07-31&endDate=2026-08-31&warehouseId=6a8970c1263081c2a295176e [32m204[0m 0.175 ms - 0[0m
[2026-08-31 15:35:07] HTTP: [0mGET /api/v1/admin/revenue?startDate=2026-07-31&endDate=2026-08-31&warehouseId=6a8970c1263081c2a295176e [32m200[0m 181.413 ms - 315[0m
[2026-08-31 18:17:02] WARN: SIGINT received. Shutting down gracefully...
[2026-09-01 10:53:29] INFO: Server running on port 5000 in development mode
[2026-09-01 10:53:37] HTTP: [0mGET /api-docs/ [32m200[0m 7.073 ms - -[0m
[2026-09-01 10:53:37] HTTP: [0mGET /api-docs/swagger-ui-init.js [32m200[0m 0.971 ms - -[0m
[2026-09-01 10:53:37] HTTP: [0mGET /api-docs/swagger-ui.css [32m200[0m 11.316 ms - -[0m
[2026-09-01 10:53:37] HTTP: [0mGET /api-docs/swagger-ui-init.js [32m200[0m 0.913 ms - -[0m
[2026-09-01 10:53:37] HTTP: [0mGET /api-docs/swagger-ui-standalone-preset.js [32m200[0m 27.670 ms - -[0m
[2026-09-01 10:53:37] HTTP: [0mGET /api-docs/swagger-ui-bundle.js [32m200[0m 17.707 ms - -[0m
[2026-09-01 10:53:37] HTTP: [0mGET /api-docs/swagger-ui-standalone-preset.js [32m200[0m 2.008 ms - -[0m
[2026-09-01 10:53:37] HTTP: [0mGET /api-docs/swagger-ui-bundle.js [32m200[0m 1.240 ms - -[0m
[2026-09-01 10:53:38] HTTP: [0mGET /api-docs/favicon-32x32.png [32m200[0m 1.410 ms - 628[0m
[2026-09-01 14:40:42] WARN: SIGINT received. Shutting down gracefully...
[2026-09-01 14:40:44] INFO: Server running on port 5000 in development mode
[2026-09-01 14:50:48] HTTP: [0mOPTIONS /api/v1/auth/me [32m204[0m 1.906 ms - 0[0m
[2026-09-01 14:50:48] HTTP: [0mOPTIONS /api/v1/auth/me [32m204[0m 0.152 ms - 0[0m
[2026-09-01 14:50:48] HTTP: [0mGET /api/v1/auth/me [33m401[0m 4.927 ms - 63[0m
[2026-09-01 14:50:48] HTTP: [0mGET /api/v1/auth/me [33m401[0m 1.110 ms - 63[0m
[2026-09-01 14:50:48] HTTP: [0mOPTIONS /api/v1/auth/refresh-token [32m204[0m 0.129 ms - 0[0m
[2026-09-01 14:50:48] HTTP: [0mPOST /api/v1/auth/refresh-token [33m401[0m 65.896 ms - 70[0m
[2026-09-01 14:50:59] HTTP: [0mOPTIONS /api/v1/auth/login [32m204[0m 0.124 ms - 0[0m
[2026-09-01 14:50:59] HTTP: [0mPOST /api/v1/auth/login [32m200[0m 161.917 ms - 578[0m
[2026-09-01 14:51:00] HTTP: [0mOPTIONS /api/v1/admin/dashboard [32m204[0m 0.193 ms - 0[0m
[2026-09-01 14:51:00] HTTP: [0mOPTIONS /api/v1/admin/dashboard [32m204[0m 0.299 ms - 0[0m
[2026-09-01 14:51:00] HTTP: [0mGET /api/v1/admin/dashboard [32m200[0m 124.626 ms - 311[0m
[2026-09-01 14:51:01] HTTP: [0mGET /api/v1/admin/dashboard [36m304[0m 125.024 ms - -[0m
[2026-09-01 14:51:03] HTTP: [0mOPTIONS /api/v1/admin/get-warehouses [32m204[0m 0.159 ms - 0[0m
[2026-09-01 14:51:03] HTTP: [0mOPTIONS /api/v1/admin/get-staff [32m204[0m 0.077 ms - 0[0m
[2026-09-01 14:51:03] HTTP: [0mOPTIONS /api/v1/admin/get-staff [32m204[0m 0.068 ms - 0[0m
[2026-09-01 14:51:03] HTTP: [0mOPTIONS /api/v1/admin/get-warehouses [32m204[0m 0.060 ms - 0[0m
[2026-09-01 14:51:03] HTTP: [0mGET /api/v1/admin/get-warehouses [36m304[0m 78.732 ms - -[0m
[2026-09-01 14:51:03] HTTP: [0mGET /api/v1/admin/get-staff [36m304[0m 126.812 ms - -[0m
[2026-09-01 14:51:03] HTTP: [0mGET /api/v1/admin/get-warehouses [36m304[0m 86.985 ms - -[0m
[2026-09-01 14:51:04] HTTP: [0mGET /api/v1/admin/get-staff [36m304[0m 132.319 ms - -[0m
[2026-09-01 14:54:36] HTTP: [0mOPTIONS /api/v1/auth/me [32m204[0m 0.145 ms - 0[0m
[2026-09-01 14:54:36] HTTP: [0mOPTIONS /api/v1/auth/me [32m204[0m 0.069 ms - 0[0m
[2026-09-01 14:54:36] HTTP: [0mGET /api/v1/auth/me [36m304[0m 42.769 ms - -[0m
[2026-09-01 14:54:36] HTTP: [0mGET /api/v1/auth/me [36m304[0m 48.389 ms - -[0m
[2026-09-01 14:54:36] HTTP: [0mOPTIONS /api/v1/admin/dashboard [32m204[0m 0.110 ms - 0[0m
[2026-09-01 14:54:36] HTTP: [0mOPTIONS /api/v1/admin/dashboard [32m204[0m 0.068 ms - 0[0m
[2026-09-01 14:54:36] HTTP: [0mGET /api/v1/admin/dashboard [36m304[0m 122.992 ms - -[0m
[2026-09-01 14:54:36] HTTP: [0mGET /api/v1/admin/dashboard [36m304[0m 120.837 ms - -[0m
[2026-09-01 14:54:39] HTTP: [0mOPTIONS /api/v1/admin/get-warehouses [32m204[0m 0.121 ms - 0[0m
[2026-09-01 14:54:39] HTTP: [0mOPTIONS /api/v1/admin/get-staff [32m204[0m 0.061 ms - 0[0m
[2026-09-01 14:54:39] HTTP: [0mOPTIONS /api/v1/admin/get-warehouses [32m204[0m 0.056 ms - 0[0m
[2026-09-01 14:54:39] HTTP: [0mGET /api/v1/admin/get-warehouses [36m304[0m 87.195 ms - -[0m
[2026-09-01 14:54:39] HTTP: [0mGET /api/v1/admin/get-staff [36m304[0m 129.223 ms - -[0m
[2026-09-01 14:54:39] HTTP: [0mGET /api/v1/admin/get-warehouses [36m304[0m 83.403 ms - -[0m
[2026-09-01 14:54:39] HTTP: [0mGET /api/v1/admin/get-staff [36m304[0m 121.518 ms - -[0m
[2026-09-02 09:48:24] INFO: Server running on port 5000 in development mode
[2026-09-02 09:48:34] HTTP: [0mOPTIONS /api/v1/auth/me [32m204[0m 1.128 ms - 0[0m
[2026-09-02 09:48:34] HTTP: [0mOPTIONS /api/v1/auth/me [32m204[0m 0.129 ms - 0[0m
[2026-09-02 09:48:34] HTTP: [0mGET /api/v1/auth/me [33m401[0m 4.750 ms - 63[0m
[2026-09-02 09:48:34] HTTP: [0mGET /api/v1/auth/me [33m401[0m 1.489 ms - 63[0m
[2026-09-02 09:48:34] HTTP: [0mOPTIONS /api/v1/auth/refresh-token [32m204[0m 0.146 ms - 0[0m
[2026-09-02 09:48:34] HTTP: [0mPOST /api/v1/auth/refresh-token [32m200[0m 106.112 ms - 483[0m
[2026-09-02 09:48:34] HTTP: [0mGET /api/v1/auth/me [32m200[0m 39.546 ms - 240[0m
[2026-09-02 09:48:34] HTTP: [0mGET /api/v1/auth/me [36m304[0m 37.697 ms - -[0m
[2026-09-02 09:48:34] HTTP: [0mOPTIONS /api/v1/admin/dashboard [32m204[0m 0.165 ms - 0[0m
[2026-09-02 09:48:34] HTTP: [0mOPTIONS /api/v1/admin/dashboard [32m204[0m 0.208 ms - 0[0m
[2026-09-02 09:48:34] HTTP: [0mGET /api/v1/admin/dashboard [32m200[0m 130.759 ms - 311[0m
[2026-09-02 09:48:35] HTTP: [0mGET /api/v1/admin/dashboard [36m304[0m 130.511 ms - -[0m
[2026-09-02 09:48:43] HTTP: [0mOPTIONS /api/v1/auth/me [32m204[0m 0.152 ms - 0[0m
[2026-09-02 09:48:43] HTTP: [0mOPTIONS /api/v1/auth/me [32m204[0m 0.070 ms - 0[0m
[2026-09-02 09:48:43] HTTP: [0mGET /api/v1/auth/me [36m304[0m 44.430 ms - -[0m
[2026-09-02 09:48:43] HTTP: [0mGET /api/v1/auth/me [36m304[0m 42.374 ms - -[0m
[2026-09-02 09:48:43] HTTP: [0mOPTIONS /api/v1/admin/dashboard [32m204[0m 0.260 ms - 0[0m
[2026-09-02 09:48:43] HTTP: [0mOPTIONS /api/v1/admin/dashboard [32m204[0m 0.209 ms - 0[0m
[2026-09-02 09:48:43] HTTP: [0mGET /api/v1/admin/dashboard [36m304[0m 132.797 ms - -[0m
[2026-09-02 09:48:43] HTTP: [0mGET /api/v1/admin/dashboard [36m304[0m 123.936 ms - -[0m
[2026-09-02 09:50:51] HTTP: [0mOPTIONS /api/v1/auth/me [32m204[0m 0.621 ms - 0[0m
[2026-09-02 09:50:51] HTTP: [0mOPTIONS /api/v1/auth/me [32m204[0m 0.191 ms - 0[0m
[2026-09-02 09:50:51] HTTP: [0mGET /api/v1/auth/me [36m304[0m 45.761 ms - -[0m
[2026-09-02 09:50:51] HTTP: [0mGET /api/v1/auth/me [36m304[0m 46.755 ms - -[0m
[2026-09-02 09:50:51] HTTP: [0mOPTIONS /api/v1/admin/dashboard [32m204[0m 0.162 ms - 0[0m
[2026-09-02 09:50:51] HTTP: [0mOPTIONS /api/v1/admin/dashboard [32m204[0m 0.069 ms - 0[0m
[2026-09-02 09:50:51] HTTP: [0mGET /api/v1/admin/dashboard [36m304[0m 130.403 ms - -[0m
[2026-09-02 09:50:51] HTTP: [0mGET /api/v1/admin/dashboard [36m304[0m 123.050 ms - -[0m
[2026-09-02 09:51:03] HTTP: [0mOPTIONS /api/v1/categories [32m204[0m 0.192 ms - 0[0m
[2026-09-02 09:51:03] HTTP: [0mOPTIONS /api/v1/sub-categories [32m204[0m 0.143 ms - 0[0m
[2026-09-02 09:51:03] HTTP: [0mOPTIONS /api/v1/products?page=1&limit=10&search=&category=&subCategory=&status= [32m204[0m 0.089 ms - 0[0m
[2026-09-02 09:51:03] HTTP: [0mOPTIONS /api/v1/categories [32m204[0m 0.118 ms - 0[0m
[2026-09-02 09:51:03] HTTP: [0mGET /api/v1/categories [32m200[0m 55.334 ms - -[0m
[2026-09-02 09:51:04] HTTP: [0mGET /api/v1/sub-categories [32m200[0m 91.730 ms - -[0m
[2026-09-02 09:51:04] HTTP: [0mGET /api/v1/products?page=1&limit=10&search=&category=&subCategory=&status= [32m200[0m 100.123 ms - -[0m
[2026-09-02 09:51:04] HTTP: [0mGET /api/v1/categories [36m304[0m 47.029 ms - -[0m
[2026-09-02 09:51:04] HTTP: [0mGET /api/v1/sub-categories [36m304[0m 124.534 ms - -[0m
[2026-09-02 09:51:04] HTTP: [0mGET /api/v1/products?page=1&limit=10&search=&category=&subCategory=&status= [36m304[0m 118.428 ms - -[0m
[2026-09-02 09:51:09] HTTP: [0mOPTIONS /api/v1/coupons/admin?page=1&limit=10 [32m204[0m 0.148 ms - 0[0m
[2026-09-02 09:51:09] HTTP: [0mOPTIONS /api/v1/coupons/admin?page=1&limit=10 [32m204[0m 0.068 ms - 0[0m
[2026-09-02 09:51:09] HTTP: [0mGET /api/v1/coupons/admin?page=1&limit=10 [32m200[0m 78.905 ms - 800[0m
[2026-09-02 09:51:09] HTTP: [0mGET /api/v1/coupons/admin?page=1&limit=10 [36m304[0m 76.808 ms - -[0m
[2026-09-02 09:51:10] HTTP: [0mOPTIONS /api/v1/banners/admin/all?page=1&limit=10 [32m204[0m 0.101 ms - 0[0m
[2026-09-02 09:51:10] HTTP: [0mOPTIONS /api/v1/banners/admin/all?page=1&limit=10 [32m204[0m 0.068 ms - 0[0m
[2026-09-02 09:51:10] HTTP: [0mGET /api/v1/banners/admin/all?page=1&limit=10 [32m200[0m 78.182 ms - -[0m
[2026-09-02 09:51:10] HTTP: [0mGET /api/v1/banners/admin/all?page=1&limit=10 [36m304[0m 89.032 ms - -[0m
[2026-09-02 09:51:10] HTTP: [0mOPTIONS /api/v1/categories?page=1&limit=10&search=&status= [32m204[0m 0.120 ms - 0[0m
[2026-09-02 09:51:10] HTTP: [0mOPTIONS /api/v1/categories?page=1&limit=10&search=&status= [32m204[0m 0.070 ms - 0[0m
[2026-09-02 09:51:10] HTTP: [0mGET /api/v1/categories?page=1&limit=10&search=&status= [32m200[0m 41.964 ms - -[0m
[2026-09-02 09:51:10] HTTP: [0mGET /api/v1/categories?page=1&limit=10&search=&status= [36m304[0m 43.598 ms - -[0m
[2026-09-02 09:51:13] HTTP: [0mOPTIONS /api/v1/admin/get-warehouses [32m204[0m 0.100 ms - 0[0m
[2026-09-02 09:51:13] HTTP: [0mOPTIONS /api/v1/admin/revenue?startDate=2026-09-02&endDate=2026-09-02&warehouseId= [32m204[0m 0.071 ms - 0[0m
[2026-09-02 09:51:13] HTTP: [0mOPTIONS /api/v1/admin/get-warehouses [32m204[0m 0.061 ms - 0[0m
[2026-09-02 09:51:13] HTTP: [0mOPTIONS /api/v1/admin/revenue?startDate=2026-09-02&endDate=2026-09-02&warehouseId= [32m204[0m 0.051 ms - 0[0m
[2026-09-02 09:51:13] HTTP: [0mGET /api/v1/admin/get-warehouses [32m200[0m 78.334 ms - 540[0m
[2026-09-02 09:51:13] HTTP: [0mGET /api/v1/admin/revenue?startDate=2026-09-02&endDate=2026-09-02&warehouseId= [32m200[0m 147.528 ms - 152[0m
[2026-09-02 09:51:13] HTTP: [0mGET /api/v1/admin/get-warehouses [36m304[0m 75.350 ms - -[0m
[2026-09-02 09:51:13] HTTP: [0mGET /api/v1/admin/revenue?startDate=2026-09-02&endDate=2026-09-02&warehouseId= [36m304[0m 159.255 ms - -[0m
[2026-09-02 09:51:13] HTTP: [0mOPTIONS /api/v1/admin/dashboard [32m204[0m 0.103 ms - 0[0m
[2026-09-02 09:51:13] HTTP: [0mOPTIONS /api/v1/admin/dashboard [32m204[0m 0.049 ms - 0[0m
[2026-09-02 09:51:13] HTTP: [0mGET /api/v1/admin/dashboard [36m304[0m 112.180 ms - -[0m
[2026-09-02 09:51:13] HTTP: [0mGET /api/v1/admin/dashboard [36m304[0m 121.150 ms - -[0m
[2026-09-02 09:51:59] HTTP: [0mOPTIONS /api/v1/admin/get-warehouses [32m204[0m 0.102 ms - 0[0m
[2026-09-02 09:51:59] HTTP: [0mOPTIONS /api/v1/admin/get-staff [32m204[0m 0.067 ms - 0[0m
[2026-09-02 09:51:59] HTTP: [0mOPTIONS /api/v1/admin/get-staff [32m204[0m 0.052 ms - 0[0m
[2026-09-02 09:51:59] HTTP: [0mOPTIONS /api/v1/admin/get-warehouses [32m204[0m 0.061 ms - 0[0m
[2026-09-02 09:51:59] HTTP: [0mGET /api/v1/admin/get-warehouses [36m304[0m 77.637 ms - -[0m
[2026-09-02 09:51:59] HTTP: [0mGET /api/v1/admin/get-staff [32m200[0m 114.962 ms - -[0m
[2026-09-02 09:51:59] HTTP: [0mGET /api/v1/admin/get-warehouses [36m304[0m 76.968 ms - -[0m
[2026-09-02 09:52:00] HTTP: [0mGET /api/v1/admin/get-staff [36m304[0m 114.210 ms - -[0m
[2026-09-02 10:00:10] HTTP: [0mOPTIONS /api/v1/auth/me [32m204[0m 0.107 ms - 0[0m
[2026-09-02 10:00:10] HTTP: [0mOPTIONS /api/v1/auth/me [32m204[0m 0.075 ms - 0[0m
[2026-09-02 10:00:11] HTTP: [0mGET /api/v1/auth/me [32m200[0m 1111.454 ms - 240[0m
[2026-09-02 10:00:11] HTTP: [0mGET /api/v1/auth/me [32m200[0m 1114.777 ms - 240[0m
[2026-09-02 10:00:11] HTTP: [0mOPTIONS /api/v1/admin/get-warehouses [32m204[0m 0.111 ms - 0[0m
[2026-09-02 10:00:11] HTTP: [0mOPTIONS /api/v1/admin/get-staff [32m204[0m 0.082 ms - 0[0m
[2026-09-02 10:00:11] HTTP: [0mOPTIONS /api/v1/admin/get-warehouses [32m204[0m 0.079 ms - 0[0m
[2026-09-02 10:00:11] HTTP: [0mOPTIONS /api/v1/admin/get-staff [32m204[0m 0.071 ms - 0[0m
[2026-09-02 10:00:11] HTTP: [0mGET /api/v1/admin/get-warehouses [36m304[0m 72.305 ms - -[0m
[2026-09-02 10:00:11] HTTP: [0mGET /api/v1/admin/get-staff [36m304[0m 113.714 ms - -[0m
[2026-09-02 10:00:12] HTTP: [0mGET /api/v1/admin/get-warehouses [36m304[0m 72.689 ms - -[0m
[2026-09-02 10:00:12] HTTP: [0mGET /api/v1/admin/get-staff [36m304[0m 125.271 ms - -[0m
[2026-09-02 10:00:34] HTTP: [0mOPTIONS /api/v1/auth/me [32m204[0m 0.212 ms - 0[0m
[2026-09-02 10:00:34] HTTP: [0mOPTIONS /api/v1/auth/me [32m204[0m 0.073 ms - 0[0m
[2026-09-02 10:00:34] HTTP: [0mGET /api/v1/auth/me [36m304[0m 105.474 ms - -[0m
[2026-09-02 10:00:34] HTTP: [0mGET /api/v1/auth/me [36m304[0m 40.590 ms - -[0m
[2026-09-02 10:00:34] HTTP: [0mOPTIONS /api/v1/admin/get-warehouses [32m204[0m 0.196 ms - 0[0m
[2026-09-02 10:00:34] HTTP: [0mOPTIONS /api/v1/admin/get-staff [32m204[0m 0.178 ms - 0[0m
[2026-09-02 10:00:34] HTTP: [0mOPTIONS /api/v1/admin/get-warehouses [32m204[0m 0.092 ms - 0[0m
[2026-09-02 10:00:34] HTTP: [0mOPTIONS /api/v1/admin/get-staff [32m204[0m 0.156 ms - 0[0m
[2026-09-02 10:00:34] HTTP: [0mGET /api/v1/admin/get-warehouses [36m304[0m 79.930 ms - -[0m
[2026-09-02 10:00:34] HTTP: [0mGET /api/v1/admin/get-staff [36m304[0m 112.875 ms - -[0m
[2026-09-02 10:00:34] HTTP: [0mGET /api/v1/admin/get-warehouses [36m304[0m 76.569 ms - -[0m
[2026-09-02 10:00:34] HTTP: [0mGET /api/v1/admin/get-staff [36m304[0m 108.251 ms - -[0m
[2026-09-02 10:00:44] HTTP: [0mOPTIONS /api/v1/auth/me [32m204[0m 0.240 ms - 0[0m
[2026-09-02 10:00:44] HTTP: [0mOPTIONS /api/v1/auth/me [32m204[0m 0.135 ms - 0[0m
[2026-09-02 10:00:44] HTTP: [0mGET /api/v1/auth/me [36m304[0m 39.947 ms - -[0m
[2026-09-02 10:00:44] HTTP: [0mGET /api/v1/auth/me [36m304[0m 39.289 ms - -[0m
[2026-09-02 10:00:44] HTTP: [0mOPTIONS /api/v1/admin/get-warehouses [32m204[0m 0.207 ms - 0[0m
[2026-09-02 10:00:44] HTTP: [0mOPTIONS /api/v1/admin/get-staff [32m204[0m 0.258 ms - 0[0m
[2026-09-02 10:00:44] HTTP: [0mOPTIONS /api/v1/admin/get-warehouses [32m204[0m 0.174 ms - 0[0m
[2026-09-02 10:00:44] HTTP: [0mOPTIONS /api/v1/admin/get-staff [32m204[0m 0.056 ms - 0[0m
[2026-09-02 10:00:44] HTTP: [0mGET /api/v1/admin/get-warehouses [36m304[0m 73.329 ms - -[0m
[2026-09-02 10:00:44] HTTP: [0mGET /api/v1/admin/get-staff [36m304[0m 110.445 ms - -[0m
[2026-09-02 10:00:44] HTTP: [0mGET /api/v1/admin/get-warehouses [36m304[0m 71.643 ms - -[0m
[2026-09-02 10:00:44] HTTP: [0mGET /api/v1/admin/get-staff [36m304[0m 120.338 ms - -[0m
[2026-09-02 10:09:53] HTTP: [0mOPTIONS /api/v1/admin/get-warehouses [32m204[0m 0.102 ms - 0[0m
[2026-09-02 10:09:53] HTTP: [0mGET /api/v1/admin/get-warehouses [33m401[0m 1.082 ms - 63[0m
[2026-09-02 10:09:53] HTTP: [0mOPTIONS /api/v1/admin/revenue?startDate=2026-09-02&endDate=2026-09-02&warehouseId= [32m204[0m 0.076 ms - 0[0m
[2026-09-02 10:09:53] HTTP: [0mOPTIONS /api/v1/admin/revenue?startDate=2026-09-02&endDate=2026-09-02&warehouseId= [32m204[0m 0.047 ms - 0[0m
[2026-09-02 10:09:53] HTTP: [0mGET /api/v1/admin/get-warehouses [33m401[0m 0.994 ms - 63[0m
[2026-09-02 10:09:53] HTTP: [0mGET /api/v1/admin/revenue?startDate=2026-09-02&endDate=2026-09-02&warehouseId= [33m401[0m 1.816 ms - 63[0m
[2026-09-02 10:09:53] HTTP: [0mOPTIONS /api/v1/auth/refresh-token [32m204[0m 0.214 ms - 0[0m
[2026-09-02 10:09:53] HTTP: [0mGET /api/v1/admin/revenue?startDate=2026-09-02&endDate=2026-09-02&warehouseId= [33m401[0m 1.287 ms - 63[0m
[2026-09-02 10:09:53] HTTP: [0mPOST /api/v1/auth/refresh-token [32m200[0m 85.349 ms - 483[0m
[2026-09-02 10:09:53] HTTP: [0mGET /api/v1/admin/get-warehouses [36m304[0m 72.945 ms - -[0m
[2026-09-02 10:09:53] HTTP: [0mGET /api/v1/admin/revenue?startDate=2026-09-02&endDate=2026-09-02&warehouseId= [36m304[0m 147.536 ms - -[0m
[2026-09-02 10:09:53] HTTP: [0mGET /api/v1/admin/get-warehouses [36m304[0m 74.846 ms - -[0m
[2026-09-02 10:09:53] HTTP: [0mGET /api/v1/admin/revenue?startDate=2026-09-02&endDate=2026-09-02&warehouseId= [36m304[0m 155.112 ms - -[0m
[2026-09-02 10:09:54] HTTP: [0mOPTIONS /api/v1/admin/dashboard [32m204[0m 0.126 ms - 0[0m
[2026-09-02 10:09:54] HTTP: [0mOPTIONS /api/v1/admin/dashboard [32m204[0m 0.157 ms - 0[0m
[2026-09-02 10:09:54] HTTP: [0mGET /api/v1/admin/dashboard [36m304[0m 119.638 ms - -[0m
[2026-09-02 10:09:54] HTTP: [0mGET /api/v1/admin/dashboard [36m304[0m 117.695 ms - -[0m
[2026-09-02 12:58:36] INFO: Server running on port 5000 in development mode
[2026-09-02 12:58:45] HTTP: [0mOPTIONS /api/v1/auth/me [32m204[0m 1.609 ms - 0[0m
[2026-09-02 12:58:45] HTTP: [0mOPTIONS /api/v1/auth/me [32m204[0m 0.142 ms - 0[0m
[2026-09-02 12:58:45] HTTP: [0mGET /api/v1/auth/me [33m401[0m 5.635 ms - 63[0m
[2026-09-02 12:58:45] HTTP: [0mGET /api/v1/auth/me [33m401[0m 1.334 ms - 63[0m
[2026-09-02 12:58:45] HTTP: [0mOPTIONS /api/v1/auth/refresh-token [32m204[0m 0.142 ms - 0[0m
[2026-09-02 12:58:45] HTTP: [0mPOST /api/v1/auth/refresh-token [32m200[0m 118.377 ms - 483[0m
[2026-09-02 12:58:45] HTTP: [0mGET /api/v1/auth/me [32m200[0m 41.382 ms - 240[0m
[2026-09-02 12:58:45] HTTP: [0mGET /api/v1/auth/me [36m304[0m 39.825 ms - -[0m
[2026-09-02 12:58:45] HTTP: [0mOPTIONS /api/v1/admin/dashboard [32m204[0m 0.245 ms - 0[0m
[2026-09-02 12:58:45] HTTP: [0mOPTIONS /api/v1/admin/dashboard [32m204[0m 0.184 ms - 0[0m
[2026-09-02 12:58:45] HTTP: [0mGET /api/v1/admin/dashboard [32m200[0m 121.210 ms - 311[0m
[2026-09-02 12:58:45] HTTP: [0mGET /api/v1/admin/dashboard [36m304[0m 125.754 ms - -[0m
[2026-09-02 13:00:06] HTTP: [0mOPTIONS /api/v1/admin/get-warehouses [32m204[0m 0.235 ms - 0[0m
[2026-09-02 13:00:06] HTTP: [0mOPTIONS /api/v1/admin/get-staff [32m204[0m 0.152 ms - 0[0m
[2026-09-02 13:00:06] HTTP: [0mOPTIONS /api/v1/admin/get-warehouses [32m204[0m 0.135 ms - 0[0m
[2026-09-02 13:00:06] HTTP: [0mOPTIONS /api/v1/admin/get-staff [32m204[0m 0.075 ms - 0[0m
[2026-09-02 13:00:06] HTTP: [0mGET /api/v1/admin/get-warehouses [32m200[0m 79.521 ms - 540[0m
[2026-09-02 13:00:06] HTTP: [0mGET /api/v1/admin/get-staff [32m200[0m 128.888 ms - -[0m
[2026-09-02 13:00:06] HTTP: [0mGET /api/v1/admin/get-warehouses [36m304[0m 81.897 ms - -[0m
[2026-09-02 13:00:06] HTTP: [0mGET /api/v1/admin/get-staff [36m304[0m 125.226 ms - -[0m
[2026-09-02 13:04:16] HTTP: [0mOPTIONS /api/v1/admin/get-warehouses [32m204[0m 0.152 ms - 0[0m
[2026-09-02 13:04:16] HTTP: [0mOPTIONS /api/v1/admin/get-staff [32m204[0m 0.109 ms - 0[0m
[2026-09-02 13:04:16] HTTP: [0mGET /api/v1/admin/get-warehouses [36m304[0m 82.334 ms - -[0m
[2026-09-02 13:04:16] HTTP: [0mGET /api/v1/admin/get-staff [36m304[0m 123.406 ms - -[0m
[2026-09-02 13:04:29] HTTP: [0mOPTIONS /api/v1/auth/me [32m204[0m 0.247 ms - 0[0m
[2026-09-02 13:04:29] HTTP: [0mOPTIONS /api/v1/auth/me [32m204[0m 0.099 ms - 0[0m
[2026-09-02 13:04:29] HTTP: [0mGET /api/v1/auth/me [32m200[0m 38.696 ms - 240[0m
[2026-09-02 13:04:29] HTTP: [0mGET /api/v1/auth/me [32m200[0m 41.366 ms - 240[0m
[2026-09-02 13:04:30] HTTP: [0mOPTIONS /api/v1/admin/get-warehouses [32m204[0m 0.161 ms - 0[0m
[2026-09-02 13:04:30] HTTP: [0mOPTIONS /api/v1/admin/get-staff [32m204[0m 0.072 ms - 0[0m
[2026-09-02 13:04:30] HTTP: [0mOPTIONS /api/v1/admin/get-warehouses [32m204[0m 0.045 ms - 0[0m
[2026-09-02 13:04:30] HTTP: [0mOPTIONS /api/v1/admin/get-staff [32m204[0m 0.037 ms - 0[0m
[2026-09-02 13:04:30] HTTP: [0mGET /api/v1/admin/get-warehouses [36m304[0m 81.882 ms - -[0m
[2026-09-02 13:04:30] HTTP: [0mGET /api/v1/admin/get-staff [36m304[0m 123.042 ms - -[0m
[2026-09-02 13:04:30] HTTP: [0mGET /api/v1/admin/get-warehouses [36m304[0m 80.588 ms - -[0m
[2026-09-02 13:04:30] HTTP: [0mGET /api/v1/admin/get-staff [36m304[0m 123.251 ms - -[0m
[2026-09-02 13:05:53] HTTP: [0mOPTIONS /api/v1/admin/get-warehouses [32m204[0m 0.085 ms - 0[0m
[2026-09-02 13:05:53] HTTP: [0mOPTIONS /api/v1/admin/get-staff [32m204[0m 0.092 ms - 0[0m
[2026-09-02 13:05:53] HTTP: [0mGET /api/v1/admin/get-warehouses [36m304[0m 83.113 ms - -[0m
[2026-09-02 13:05:53] HTTP: [0mGET /api/v1/admin/get-staff [36m304[0m 121.127 ms - -[0m
[2026-09-02 13:06:10] HTTP: [0mOPTIONS /api/v1/auth/me [32m204[0m 0.107 ms - 0[0m
[2026-09-02 13:06:10] HTTP: [0mOPTIONS /api/v1/auth/me [32m204[0m 0.067 ms - 0[0m
[2026-09-02 13:06:10] HTTP: [0mGET /api/v1/auth/me [36m304[0m 40.963 ms - -[0m
[2026-09-02 13:06:11] HTTP: [0mGET /api/v1/auth/me [36m304[0m 42.050 ms - -[0m
[2026-09-02 13:06:11] HTTP: [0mOPTIONS /api/v1/admin/get-warehouses [32m204[0m 0.283 ms - 0[0m
[2026-09-02 13:06:11] HTTP: [0mOPTIONS /api/v1/admin/get-staff [32m204[0m 0.121 ms - 0[0m
[2026-09-02 13:06:11] HTTP: [0mOPTIONS /api/v1/admin/get-warehouses [32m204[0m 0.099 ms - 0[0m
[2026-09-02 13:06:11] HTTP: [0mOPTIONS /api/v1/admin/get-staff [32m204[0m 0.125 ms - 0[0m
[2026-09-02 13:06:11] HTTP: [0mGET /api/v1/admin/get-warehouses [36m304[0m 78.346 ms - -[0m
[2026-09-02 13:06:11] HTTP: [0mGET /api/v1/admin/get-staff [36m304[0m 116.946 ms - -[0m
[2026-09-02 13:06:11] HTTP: [0mGET /api/v1/admin/get-warehouses [36m304[0m 79.615 ms - -[0m
[2026-09-02 13:06:11] HTTP: [0mGET /api/v1/admin/get-staff [36m304[0m 118.955 ms - -[0m
[2026-09-02 13:06:23] HTTP: [0mOPTIONS /api/v1/tickets/admin/all?page=1&limit=10 [32m204[0m 0.107 ms - 0[0m
[2026-09-02 13:06:23] HTTP: [0mOPTIONS /api/v1/tickets/admin/all?page=1&limit=10 [32m204[0m 0.052 ms - 0[0m
[2026-09-02 13:06:23] HTTP: [0mGET /api/v1/tickets/admin/all?page=1&limit=10 [32m200[0m 125.305 ms - -[0m
[2026-09-02 13:06:23] HTTP: [0mGET /api/v1/tickets/admin/all?page=1&limit=10 [36m304[0m 127.284 ms - -[0m
[2026-09-02 13:06:24] HTTP: [0mOPTIONS /api/v1/faqs [32m204[0m 0.098 ms - 0[0m
[2026-09-02 13:06:24] HTTP: [0mOPTIONS /api/v1/faqs [32m204[0m 0.072 ms - 0[0m
[2026-09-02 13:06:24] HTTP: [0mGET /api/v1/faqs [32m200[0m 44.053 ms - -[0m
[2026-09-02 13:06:24] HTTP: [0mGET /api/v1/faqs [36m304[0m 43.754 ms - -[0m
[2026-09-02 13:06:25] HTTP: [0mOPTIONS /api/v1/auth/me [32m204[0m 0.084 ms - 0[0m
[2026-09-02 13:06:25] HTTP: [0mOPTIONS /api/v1/auth/me [32m204[0m 0.044 ms - 0[0m
[2026-09-02 13:06:25] HTTP: [0mGET /api/v1/auth/me [36m304[0m 41.391 ms - -[0m
[2026-09-02 13:06:25] HTTP: [0mGET /api/v1/auth/me [36m304[0m 38.785 ms - -[0m
[2026-09-02 13:06:26] HTTP: [0mOPTIONS /api/v1/admin/get-warehouses [32m204[0m 0.106 ms - 0[0m
[2026-09-02 13:06:26] HTTP: [0mOPTIONS /api/v1/admin/get-staff [32m204[0m 0.055 ms - 0[0m
[2026-09-02 13:06:26] HTTP: [0mOPTIONS /api/v1/admin/get-warehouses [32m204[0m 0.039 ms - 0[0m
[2026-09-02 13:06:26] HTTP: [0mOPTIONS /api/v1/admin/get-staff [32m204[0m 0.042 ms - 0[0m
[2026-09-02 13:06:26] HTTP: [0mGET /api/v1/admin/get-warehouses [36m304[0m 82.698 ms - -[0m
[2026-09-02 13:06:26] HTTP: [0mGET /api/v1/admin/get-staff [36m304[0m 119.711 ms - -[0m
[2026-09-02 13:06:26] HTTP: [0mGET /api/v1/admin/get-warehouses [36m304[0m 80.160 ms - -[0m
[2026-09-02 13:06:26] HTTP: [0mGET /api/v1/admin/get-staff [36m304[0m 119.012 ms - -[0m
[2026-09-02 13:06:26] HTTP: [0mGET /api/v1/admin/get-staff [36m304[0m 121.430 ms - -[0m
[2026-09-02 13:06:26] HTTP: [0mGET /api/v1/admin/get-staff [36m304[0m 124.710 ms - -[0m
[2026-09-02 13:06:27] HTTP: [0mOPTIONS /api/v1/admin/customers [32m204[0m 0.172 ms - 0[0m
[2026-09-02 13:06:27] HTTP: [0mOPTIONS /api/v1/admin/customers [32m204[0m 0.053 ms - 0[0m
[2026-09-02 13:06:27] HTTP: [0mGET /api/v1/admin/customers [32m200[0m 82.663 ms - -[0m
[2026-09-02 13:06:27] HTTP: [0mGET /api/v1/admin/customers [36m304[0m 82.065 ms - -[0m
[2026-09-02 13:06:28] HTTP: [0mOPTIONS /api/v1/admin/orders?page=1&limit=10&search=&orderStatus=&paymentStatus=&paymentMethod=&warehouseId= [32m204[0m 0.070 ms - 0[0m
[2026-09-02 13:06:28] HTTP: [0mOPTIONS /api/v1/admin/orders?page=1&limit=10&search=&orderStatus=&paymentStatus=&paymentMethod=&warehouseId= [32m204[0m 0.069 ms - 0[0m
[2026-09-02 13:06:28] HTTP: [0mGET /api/v1/admin/get-warehouses [36m304[0m 79.381 ms - -[0m
[2026-09-02 13:06:28] HTTP: [0mGET /api/v1/admin/orders?page=1&limit=10&search=&orderStatus=&paymentStatus=&paymentMethod=&warehouseId= [32m200[0m 117.655 ms - -[0m
[2026-09-02 13:06:28] HTTP: [0mGET /api/v1/admin/get-warehouses [36m304[0m 80.063 ms - -[0m
[2026-09-02 13:06:28] HTTP: [0mGET /api/v1/admin/orders?page=1&limit=10&search=&orderStatus=&paymentStatus=&paymentMethod=&warehouseId= [36m304[0m 120.271 ms - -[0m
[2026-09-02 13:06:29] HTTP: [0mOPTIONS /api/v1/admin/inventory?page=1&limit=15&search=&warehouseId= [32m204[0m 0.123 ms - 0[0m
[2026-09-02 13:06:29] HTTP: [0mOPTIONS /api/v1/admin/inventory?page=1&limit=15&search=&warehouseId= [32m204[0m 0.064 ms - 0[0m
[2026-09-02 13:06:29] HTTP: [0mGET /api/v1/admin/get-warehouses [36m304[0m 77.872 ms - -[0m
[2026-09-02 13:06:29] HTTP: [0mGET /api/v1/admin/get-warehouses [36m304[0m 77.642 ms - -[0m
[2026-09-02 13:06:29] HTTP: [0mGET /api/v1/admin/inventory?page=1&limit=15&search=&warehouseId= [32m200[0m 234.368 ms - -[0m
[2026-09-02 13:06:29] HTTP: [0mGET /api/v1/admin/inventory?page=1&limit=15&search=&warehouseId= [36m304[0m 231.841 ms - -[0m
[2026-09-02 13:06:29] HTTP: [0mOPTIONS /api/v1/categories [32m204[0m 0.110 ms - 0[0m
[2026-09-02 13:06:29] HTTP: [0mOPTIONS /api/v1/sub-categories [32m204[0m 0.055 ms - 0[0m
[2026-09-02 13:06:29] HTTP: [0mOPTIONS /api/v1/products?page=1&limit=10&search=&category=&subCategory=&status= [32m204[0m 0.065 ms - 0[0m
[2026-09-02 13:06:29] HTTP: [0mOPTIONS /api/v1/categories [32m204[0m 0.055 ms - 0[0m
[2026-09-02 13:06:29] HTTP: [0mGET /api/v1/categories [32m200[0m 52.823 ms - -[0m
[2026-09-02 13:06:29] HTTP: [0mGET /api/v1/sub-categories [32m200[0m 89.103 ms - -[0m
[2026-09-02 13:06:30] HTTP: [0mGET /api/v1/categories [36m304[0m 57.366 ms - -[0m
[2026-09-02 13:06:30] HTTP: [0mGET /api/v1/products?page=1&limit=10&search=&category=&subCategory=&status= [32m200[0m 108.562 ms - -[0m
[2026-09-02 13:06:30] HTTP: [0mGET /api/v1/sub-categories [36m304[0m 87.140 ms - -[0m
[2026-09-02 13:06:30] HTTP: [0mGET /api/v1/products?page=1&limit=10&search=&category=&subCategory=&status= [36m304[0m 85.204 ms - -[0m
[2026-09-02 13:06:31] HTTP: [0mOPTIONS /api/v1/sub-categories?page=1&limit=10&search=&status=&category_id= [32m204[0m 0.113 ms - 0[0m
[2026-09-02 13:06:31] HTTP: [0mOPTIONS /api/v1/sub-categories?page=1&limit=10&search=&status=&category_id= [32m204[0m 0.099 ms - 0[0m
[2026-09-02 13:06:31] HTTP: [0mGET /api/v1/categories [36m304[0m 38.812 ms - -[0m
[2026-09-02 13:06:31] HTTP: [0mGET /api/v1/categories [36m304[0m 42.215 ms - -[0m
[2026-09-02 13:06:31] HTTP: [0mGET /api/v1/sub-categories?page=1&limit=10&search=&status=&category_id= [32m200[0m 80.403 ms - -[0m
[2026-09-02 13:06:31] HTTP: [0mGET /api/v1/sub-categories?page=1&limit=10&search=&status=&category_id= [36m304[0m 82.338 ms - -[0m
[2026-09-02 13:06:32] HTTP: [0mOPTIONS /api/v1/coupons/admin?page=1&limit=10 [32m204[0m 0.099 ms - 0[0m
[2026-09-02 13:06:32] HTTP: [0mOPTIONS /api/v1/coupons/admin?page=1&limit=10 [32m204[0m 0.088 ms - 0[0m
[2026-09-02 13:06:32] HTTP: [0mGET /api/v1/coupons/admin?page=1&limit=10 [32m200[0m 82.009 ms - 800[0m
[2026-09-02 13:06:32] HTTP: [0mGET /api/v1/coupons/admin?page=1&limit=10 [36m304[0m 79.982 ms - -[0m
[2026-09-02 13:06:32] HTTP: [0mOPTIONS /api/v1/banners/admin/all?page=1&limit=10 [32m204[0m 0.137 ms - 0[0m
[2026-09-02 13:06:32] HTTP: [0mOPTIONS /api/v1/banners/admin/all?page=1&limit=10 [32m204[0m 0.078 ms - 0[0m
[2026-09-02 13:06:32] HTTP: [0mGET /api/v1/banners/admin/all?page=1&limit=10 [32m200[0m 83.929 ms - -[0m
[2026-09-02 13:06:32] HTTP: [0mGET /api/v1/banners/admin/all?page=1&limit=10 [36m304[0m 101.828 ms - -[0m
[2026-09-02 13:06:33] HTTP: [0mOPTIONS /api/v1/categories?page=1&limit=10&search=&status= [32m204[0m 0.195 ms - 0[0m
[2026-09-02 13:06:33] HTTP: [0mOPTIONS /api/v1/categories?page=1&limit=10&search=&status= [32m204[0m 0.061 ms - 0[0m
[2026-09-02 13:06:33] HTTP: [0mGET /api/v1/categories?page=1&limit=10&search=&status= [32m200[0m 38.868 ms - -[0m
[2026-09-02 13:06:33] HTTP: [0mGET /api/v1/categories?page=1&limit=10&search=&status= [36m304[0m 42.691 ms - -[0m
[2026-09-02 13:06:34] HTTP: [0mOPTIONS /api/v1/admin/get-warehouses [32m204[0m 0.217 ms - 0[0m
[2026-09-02 13:06:34] HTTP: [0mOPTIONS /api/v1/admin/revenue?startDate=2026-09-02&endDate=2026-09-02&warehouseId= [32m204[0m 0.186 ms - 0[0m
[2026-09-02 13:06:34] HTTP: [0mOPTIONS /api/v1/admin/get-warehouses [32m204[0m 0.089 ms - 0[0m
[2026-09-02 13:06:34] HTTP: [0mOPTIONS /api/v1/admin/revenue?startDate=2026-09-02&endDate=2026-09-02&warehouseId= [32m204[0m 0.076 ms - 0[0m
[2026-09-02 13:06:34] HTTP: [0mGET /api/v1/admin/get-warehouses [36m304[0m 81.174 ms - -[0m
[2026-09-02 13:06:34] HTTP: [0mGET /api/v1/admin/get-warehouses [36m304[0m 79.410 ms - -[0m
[2026-09-02 13:06:34] HTTP: [0mGET /api/v1/admin/revenue?startDate=2026-09-02&endDate=2026-09-02&warehouseId= [32m200[0m 161.029 ms - 152[0m
[2026-09-02 13:06:34] HTTP: [0mOPTIONS /api/v1/admin/dashboard [32m204[0m 0.105 ms - 0[0m
[2026-09-02 13:06:34] HTTP: [0mOPTIONS /api/v1/admin/dashboard [32m204[0m 0.045 ms - 0[0m
[2026-09-02 13:06:34] HTTP: [0mGET /api/v1/admin/revenue?startDate=2026-09-02&endDate=2026-09-02&warehouseId= [36m304[0m 162.238 ms - -[0m
[2026-09-02 13:06:34] HTTP: [0mGET /api/v1/admin/dashboard [36m304[0m 119.747 ms - -[0m
[2026-09-02 13:06:34] HTTP: [0mGET /api/v1/admin/dashboard [36m304[0m 125.003 ms - -[0m
[2026-09-02 13:06:35] HTTP: [0mGET /api/v1/categories?page=1&limit=10&search=&status= [36m304[0m 40.881 ms - -[0m
[2026-09-02 13:06:35] HTTP: [0mGET /api/v1/categories?page=1&limit=10&search=&status= [36m304[0m 40.837 ms - -[0m
[2026-09-02 13:06:35] HTTP: [0mOPTIONS /api/v1/categories [32m204[0m 0.173 ms - 0[0m
[2026-09-02 13:06:35] HTTP: [0mOPTIONS /api/v1/sub-categories [32m204[0m 0.080 ms - 0[0m
[2026-09-02 13:06:35] HTTP: [0mOPTIONS /api/v1/products?page=1&limit=10&search=&category=&subCategory=&status= [32m204[0m 0.043 ms - 0[0m
[2026-09-02 13:06:35] HTTP: [0mOPTIONS /api/v1/categories [32m204[0m 0.053 ms - 0[0m
[2026-09-02 13:06:35] HTTP: [0mOPTIONS /api/v1/sub-categories [32m204[0m 0.054 ms - 0[0m
[2026-09-02 13:06:35] HTTP: [0mOPTIONS /api/v1/products?page=1&limit=10&search=&category=&subCategory=&status= [32m204[0m 0.056 ms - 0[0m
[2026-09-02 13:06:35] HTTP: [0mGET /api/v1/categories [36m304[0m 37.961 ms - -[0m
[2026-09-02 13:06:35] HTTP: [0mGET /api/v1/categories [36m304[0m 41.347 ms - -[0m
[2026-09-02 13:06:35] HTTP: [0mGET /api/v1/products?page=1&limit=10&search=&category=&subCategory=&status= [36m304[0m 81.422 ms - -[0m
[2026-09-02 13:06:35] HTTP: [0mGET /api/v1/sub-categories [36m304[0m 84.758 ms - -[0m
[2026-09-02 13:06:35] HTTP: [0mGET /api/v1/sub-categories [36m304[0m 66.507 ms - -[0m
[2026-09-02 13:06:36] HTTP: [0mGET /api/v1/products?page=1&limit=10&search=&category=&subCategory=&status= [36m304[0m 78.822 ms - -[0m
[2026-09-02 13:06:36] HTTP: [0mOPTIONS /api/v1/admin/orders?page=1&limit=10&search=&orderStatus=&paymentStatus=&paymentMethod=&warehouseId= [32m204[0m 0.112 ms - 0[0m
[2026-09-02 13:06:36] HTTP: [0mOPTIONS /api/v1/admin/orders?page=1&limit=10&search=&orderStatus=&paymentStatus=&paymentMethod=&warehouseId= [32m204[0m 0.073 ms - 0[0m
[2026-09-02 13:06:36] HTTP: [0mGET /api/v1/admin/get-warehouses [33m429[0m 0.450 ms - 94[0m
[2026-09-02 13:06:36] HTTP: [0mGET /api/v1/admin/orders?page=1&limit=10&search=&orderStatus=&paymentStatus=&paymentMethod=&warehouseId= [33m429[0m 0.155 ms - 94[0m
[2026-09-02 13:06:36] HTTP: [0mGET /api/v1/admin/get-warehouses [33m429[0m 0.186 ms - 94[0m
[2026-09-02 13:06:36] HTTP: [0mGET /api/v1/admin/orders?page=1&limit=10&search=&orderStatus=&paymentStatus=&paymentMethod=&warehouseId= [33m429[0m 0.186 ms - 94[0m
[2026-09-02 13:06:37] HTTP: [0mOPTIONS /api/v1/admin/customers [32m204[0m 0.101 ms - 0[0m
[2026-09-02 13:06:37] HTTP: [0mOPTIONS /api/v1/admin/customers [32m204[0m 0.055 ms - 0[0m
[2026-09-02 13:06:37] HTTP: [0mGET /api/v1/admin/customers [33m429[0m 0.239 ms - 94[0m
[2026-09-02 13:06:37] HTTP: [0mGET /api/v1/admin/customers [33m429[0m 0.221 ms - 94[0m
[2026-09-02 13:06:40] HTTP: [0mOPTIONS /api/v1/admin/get-staff [32m204[0m 0.100 ms - 0[0m
[2026-09-02 13:06:40] HTTP: [0mOPTIONS /api/v1/admin/get-staff [32m204[0m 0.043 ms - 0[0m
[2026-09-02 13:06:40] HTTP: [0mGET /api/v1/admin/get-staff [33m429[0m 0.213 ms - 94[0m
[2026-09-02 13:06:40] HTTP: [0mGET /api/v1/admin/get-staff [33m429[0m 0.210 ms - 94[0m
[2026-09-02 13:06:54] HTTP: [0mOPTIONS /api/v1/auth/me [32m204[0m 0.143 ms - 0[0m
[2026-09-02 13:06:54] HTTP: [0mOPTIONS /api/v1/auth/me [32m204[0m 0.068 ms - 0[0m
[2026-09-02 13:06:54] HTTP: [0mGET /api/v1/auth/me [36m304[0m 39.389 ms - -[0m
[2026-09-02 13:06:54] HTTP: [0mGET /api/v1/auth/me [36m304[0m 40.533 ms - -[0m
[2026-09-02 13:06:54] HTTP: [0mOPTIONS /api/v1/admin/get-staff [32m204[0m 0.208 ms - 0[0m
[2026-09-02 13:06:54] HTTP: [0mOPTIONS /api/v1/admin/get-staff [32m204[0m 0.083 ms - 0[0m
[2026-09-02 13:06:54] HTTP: [0mGET /api/v1/admin/get-staff [32m200[0m 122.020 ms - -[0m
[2026-09-02 13:06:55] HTTP: [0mGET /api/v1/admin/get-staff [36m304[0m 118.450 ms - -[0m
[2026-09-02 13:07:44] HTTP: [0mOPTIONS /api/v1/admin/get-warehouses [32m204[0m 0.083 ms - 0[0m
[2026-09-02 13:07:44] HTTP: [0mOPTIONS /api/v1/admin/revenue?startDate=2026-09-02&endDate=2026-09-02&warehouseId= [32m204[0m 0.069 ms - 0[0m
[2026-09-02 13:07:44] HTTP: [0mOPTIONS /api/v1/admin/get-warehouses [32m204[0m 0.058 ms - 0[0m
[2026-09-02 13:07:44] HTTP: [0mOPTIONS /api/v1/admin/revenue?startDate=2026-09-02&endDate=2026-09-02&warehouseId= [32m204[0m 0.048 ms - 0[0m
[2026-09-02 13:07:44] HTTP: [0mGET /api/v1/admin/get-warehouses [32m200[0m 79.126 ms - 540[0m
[2026-09-02 13:07:44] HTTP: [0mGET /api/v1/admin/revenue?startDate=2026-09-02&endDate=2026-09-02&warehouseId= [36m304[0m 154.123 ms - -[0m
[2026-09-02 13:07:44] HTTP: [0mGET /api/v1/admin/get-warehouses [36m304[0m 80.501 ms - -[0m
[2026-09-02 13:07:44] HTTP: [0mGET /api/v1/admin/revenue?startDate=2026-09-02&endDate=2026-09-02&warehouseId= [36m304[0m 156.706 ms - -[0m
[2026-09-02 13:07:47] HTTP: [0mOPTIONS /api/v1/admin/revenue?startDate=2026-09-02&endDate=2026-09-02&warehouseId=6a8970c1263081c2a295176e [32m204[0m 0.096 ms - 0[0m
[2026-09-02 13:07:47] HTTP: [0mGET /api/v1/admin/revenue?startDate=2026-09-02&endDate=2026-09-02&warehouseId=6a8970c1263081c2a295176e [32m200[0m 159.707 ms - 152[0m
[2026-09-02 13:07:49] HTTP: [0mGET /api/v1/admin/revenue?startDate=2026-09-02&endDate=2026-09-02&warehouseId= [36m304[0m 160.996 ms - -[0m
[2026-09-02 13:07:51] HTTP: [0mOPTIONS /api/v1/admin/revenue?startDate=2026-08-02&endDate=2026-09-02&warehouseId= [32m204[0m 0.103 ms - 0[0m
[2026-09-02 13:07:52] HTTP: [0mGET /api/v1/admin/revenue?startDate=2026-08-02&endDate=2026-09-02&warehouseId= [32m200[0m 158.588 ms - 476[0m
[2026-09-02 13:08:35] HTTP: [0mOPTIONS /api/v1/admin/get-staff [32m204[0m 0.155 ms - 0[0m
[2026-09-02 13:08:36] HTTP: [0mGET /api/v1/admin/get-staff [36m304[0m 118.496 ms - -[0m
[2026-09-02 13:08:36] HTTP: [0mGET /api/v1/admin/get-staff [36m304[0m 114.599 ms - -[0m
[2026-09-02 13:09:39] HTTP: [0mOPTIONS /api/v1/admin/get-warehouses [32m204[0m 0.103 ms - 0[0m
[2026-09-02 13:09:39] HTTP: [0mOPTIONS /api/v1/admin/get-staff [32m204[0m 0.058 ms - 0[0m
[2026-09-02 13:09:39] HTTP: [0mOPTIONS /api/v1/admin/get-warehouses [32m204[0m 0.059 ms - 0[0m
[2026-09-02 13:09:39] HTTP: [0mOPTIONS /api/v1/admin/get-staff [32m204[0m 0.049 ms - 0[0m
[2026-09-02 13:09:39] HTTP: [0mGET /api/v1/admin/get-warehouses [36m304[0m 77.414 ms - -[0m
[2026-09-02 13:09:39] HTTP: [0mGET /api/v1/admin/get-staff [36m304[0m 117.831 ms - -[0m
[2026-09-02 13:09:39] HTTP: [0mGET /api/v1/admin/get-warehouses [36m304[0m 77.635 ms - -[0m
[2026-09-02 13:09:40] HTTP: [0mGET /api/v1/admin/get-staff [36m304[0m 122.397 ms - -[0m
[2026-09-02 13:09:40] HTTP: [0mOPTIONS /api/v1/auth/me [32m204[0m 0.088 ms - 0[0m
[2026-09-02 13:09:40] HTTP: [0mOPTIONS /api/v1/auth/me [32m204[0m 0.049 ms - 0[0m
[2026-09-02 13:09:40] HTTP: [0mGET /api/v1/auth/me [36m304[0m 41.567 ms - -[0m
[2026-09-02 13:09:40] HTTP: [0mGET /api/v1/auth/me [36m304[0m 38.811 ms - -[0m
[2026-09-02 13:09:43] HTTP: [0mGET /api/v1/admin/get-warehouses [36m304[0m 73.438 ms - -[0m
[2026-09-02 13:09:43] HTTP: [0mGET /api/v1/admin/get-staff [36m304[0m 106.950 ms - -[0m
[2026-09-02 13:09:43] HTTP: [0mGET /api/v1/admin/get-warehouses [36m304[0m 74.022 ms - -[0m
[2026-09-02 13:09:43] HTTP: [0mGET /api/v1/admin/get-staff [36m304[0m 110.629 ms - -[0m
[2026-09-02 13:09:44] HTTP: [0mGET /api/v1/admin/get-staff [36m304[0m 110.215 ms - -[0m
[2026-09-02 13:09:44] HTTP: [0mGET /api/v1/admin/get-staff [36m304[0m 111.888 ms - -[0m
[2026-09-02 13:09:44] HTTP: [0mOPTIONS /api/v1/admin/customers [32m204[0m 0.133 ms - 0[0m
[2026-09-02 13:09:44] HTTP: [0mOPTIONS /api/v1/admin/customers [32m204[0m 0.067 ms - 0[0m
[2026-09-02 13:09:44] HTTP: [0mGET /api/v1/admin/customers [32m200[0m 75.975 ms - -[0m
[2026-09-02 13:09:45] HTTP: [0mGET /api/v1/admin/customers [36m304[0m 79.090 ms - -[0m
[2026-09-02 13:09:45] HTTP: [0mOPTIONS /api/v1/admin/get-warehouses [32m204[0m 0.099 ms - 0[0m
[2026-09-02 13:09:45] HTTP: [0mOPTIONS /api/v1/admin/orders?page=1&limit=10&search=&orderStatus=&paymentStatus=&paymentMethod=&warehouseId= [32m204[0m 0.091 ms - 0[0m
[2026-09-02 13:09:45] HTTP: [0mOPTIONS /api/v1/admin/get-warehouses [32m204[0m 0.048 ms - 0[0m
[2026-09-02 13:09:45] HTTP: [0mOPTIONS /api/v1/admin/orders?page=1&limit=10&search=&orderStatus=&paymentStatus=&paymentMethod=&warehouseId= [32m204[0m 0.042 ms - 0[0m
[2026-09-02 13:09:45] HTTP: [0mGET /api/v1/admin/get-warehouses [36m304[0m 76.289 ms - -[0m
[2026-09-02 13:09:45] HTTP: [0mGET /api/v1/admin/orders?page=1&limit=10&search=&orderStatus=&paymentStatus=&paymentMethod=&warehouseId= [32m200[0m 115.586 ms - -[0m
[2026-09-02 13:09:45] HTTP: [0mGET /api/v1/admin/get-warehouses [36m304[0m 77.219 ms - -[0m
[2026-09-02 13:09:45] HTTP: [0mGET /api/v1/admin/orders?page=1&limit=10&search=&orderStatus=&paymentStatus=&paymentMethod=&warehouseId= [36m304[0m 118.919 ms - -[0m
[2026-09-02 13:09:45] HTTP: [0mOPTIONS /api/v1/admin/inventory?page=1&limit=15&search=&warehouseId= [32m204[0m 0.129 ms - 0[0m
[2026-09-02 13:09:45] HTTP: [0mOPTIONS /api/v1/admin/inventory?page=1&limit=15&search=&warehouseId= [32m204[0m 0.052 ms - 0[0m
[2026-09-02 13:09:45] HTTP: [0mGET /api/v1/admin/get-warehouses [36m304[0m 72.562 ms - -[0m
[2026-09-02 13:09:45] HTTP: [0mGET /api/v1/admin/get-warehouses [36m304[0m 76.448 ms - -[0m
[2026-09-02 13:09:46] HTTP: [0mGET /api/v1/admin/inventory?page=1&limit=15&search=&warehouseId= [36m304[0m 218.147 ms - -[0m
[2026-09-02 13:09:46] HTTP: [0mGET /api/v1/admin/inventory?page=1&limit=15&search=&warehouseId= [36m304[0m 223.480 ms - -[0m
[2026-09-02 13:09:46] HTTP: [0mOPTIONS /api/v1/categories [32m204[0m 0.186 ms - 0[0m
[2026-09-02 13:09:46] HTTP: [0mOPTIONS /api/v1/sub-categories [32m204[0m 0.065 ms - 0[0m
[2026-09-02 13:09:46] HTTP: [0mOPTIONS /api/v1/products?page=1&limit=10&search=&category=&subCategory=&status= [32m204[0m 0.045 ms - 0[0m
[2026-09-02 13:09:46] HTTP: [0mOPTIONS /api/v1/sub-categories [32m204[0m 0.038 ms - 0[0m
[2026-09-02 13:09:46] HTTP: [0mOPTIONS /api/v1/products?page=1&limit=10&search=&category=&subCategory=&status= [32m204[0m 0.035 ms - 0[0m
[2026-09-02 13:09:46] HTTP: [0mGET /api/v1/categories [36m304[0m 37.706 ms - -[0m
[2026-09-02 13:09:46] HTTP: [0mGET /api/v1/categories [36m304[0m 39.369 ms - -[0m
[2026-09-02 13:09:46] HTTP: [0mGET /api/v1/products?page=1&limit=10&search=&category=&subCategory=&status= [36m304[0m 85.058 ms - -[0m
[2026-09-02 13:09:46] HTTP: [0mGET /api/v1/sub-categories [36m304[0m 87.892 ms - -[0m
[2026-09-02 13:09:46] HTTP: [0mGET /api/v1/sub-categories [36m304[0m 82.946 ms - -[0m
[2026-09-02 13:09:46] HTTP: [0mGET /api/v1/products?page=1&limit=10&search=&category=&subCategory=&status= [36m304[0m 91.520 ms - -[0m
[2026-09-02 13:09:46] HTTP: [0mOPTIONS /api/v1/sub-categories?page=1&limit=10&search=&status=&category_id= [32m204[0m 0.116 ms - 0[0m
[2026-09-02 13:09:46] HTTP: [0mOPTIONS /api/v1/sub-categories?page=1&limit=10&search=&status=&category_id= [32m204[0m 0.059 ms - 0[0m
[2026-09-02 13:09:46] HTTP: [0mGET /api/v1/categories [36m304[0m 40.241 ms - -[0m
[2026-09-02 13:09:46] HTTP: [0mGET /api/v1/sub-categories?page=1&limit=10&search=&status=&category_id= [36m304[0m 78.789 ms - -[0m
[2026-09-02 13:09:46] HTTP: [0mGET /api/v1/categories [36m304[0m 41.595 ms - -[0m
[2026-09-02 13:09:47] HTTP: [0mGET /api/v1/sub-categories?page=1&limit=10&search=&status=&category_id= [36m304[0m 71.576 ms - -[0m
[2026-09-02 13:09:48] HTTP: [0mOPTIONS /api/v1/admin/dashboard [32m204[0m 0.089 ms - 0[0m
[2026-09-02 13:09:48] HTTP: [0mOPTIONS /api/v1/admin/dashboard [32m204[0m 0.041 ms - 0[0m
[2026-09-02 13:09:48] HTTP: [0mGET /api/v1/admin/dashboard [36m304[0m 113.205 ms - -[0m
[2026-09-02 13:09:48] HTTP: [0mGET /api/v1/admin/dashboard [36m304[0m 118.868 ms - -[0m
[2026-09-02 13:09:48] HTTP: [0mOPTIONS /api/v1/admin/revenue?startDate=2026-09-02&endDate=2026-09-02&warehouseId= [32m204[0m 0.091 ms - 0[0m
[2026-09-02 13:09:48] HTTP: [0mOPTIONS /api/v1/admin/revenue?startDate=2026-09-02&endDate=2026-09-02&warehouseId= [32m204[0m 0.040 ms - 0[0m
[2026-09-02 13:09:48] HTTP: [0mGET /api/v1/admin/get-warehouses [36m304[0m 81.828 ms - -[0m
[2026-09-02 13:09:48] HTTP: [0mGET /api/v1/admin/revenue?startDate=2026-09-02&endDate=2026-09-02&warehouseId= [36m304[0m 158.764 ms - -[0m
[2026-09-02 13:09:48] HTTP: [0mGET /api/v1/admin/get-warehouses [36m304[0m 78.803 ms - -[0m
[2026-09-02 13:09:48] HTTP: [0mGET /api/v1/admin/revenue?startDate=2026-09-02&endDate=2026-09-02&warehouseId= [36m304[0m 161.450 ms - -[0m
[2026-09-02 13:09:49] HTTP: [0mOPTIONS /api/v1/categories?page=1&limit=10&search=&status= [32m204[0m 0.089 ms - 0[0m
[2026-09-02 13:09:49] HTTP: [0mOPTIONS /api/v1/categories?page=1&limit=10&search=&status= [32m204[0m 0.048 ms - 0[0m
[2026-09-02 13:09:49] HTTP: [0mGET /api/v1/categories?page=1&limit=10&search=&status= [36m304[0m 42.327 ms - -[0m
[2026-09-02 13:09:49] HTTP: [0mGET /api/v1/categories?page=1&limit=10&search=&status= [36m304[0m 41.212 ms - -[0m
[2026-09-02 13:09:49] HTTP: [0mGET /api/v1/admin/get-warehouses [36m304[0m 83.992 ms - -[0m
[2026-09-02 13:09:50] HTTP: [0mGET /api/v1/admin/revenue?startDate=2026-09-02&endDate=2026-09-02&warehouseId= [36m304[0m 160.420 ms - -[0m
[2026-09-02 13:09:50] HTTP: [0mGET /api/v1/admin/get-warehouses [36m304[0m 81.339 ms - -[0m
[2026-09-02 13:09:50] HTTP: [0mGET /api/v1/admin/revenue?startDate=2026-09-02&endDate=2026-09-02&warehouseId= [36m304[0m 159.032 ms - -[0m
[2026-09-02 13:10:13] HTTP: [0mOPTIONS /api/v1/categories?page=1&limit=10&search=&status= [32m204[0m 0.076 ms - 0[0m
[2026-09-02 13:10:13] HTTP: [0mOPTIONS /api/v1/categories?page=1&limit=10&search=&status= [32m204[0m 0.190 ms - 0[0m
[2026-09-02 13:10:13] HTTP: [0mGET /api/v1/categories?page=1&limit=10&search=&status= [36m304[0m 43.598 ms - -[0m
[2026-09-02 13:10:13] HTTP: [0mGET /api/v1/categories?page=1&limit=10&search=&status= [36m304[0m 42.878 ms - -[0m
[2026-09-02 13:10:13] HTTP: [0mOPTIONS /api/v1/banners/admin/all?page=1&limit=10 [32m204[0m 0.109 ms - 0[0m
[2026-09-02 13:10:13] HTTP: [0mOPTIONS /api/v1/banners/admin/all?page=1&limit=10 [32m204[0m 0.057 ms - 0[0m
[2026-09-02 13:10:13] HTTP: [0mGET /api/v1/banners/admin/all?page=1&limit=10 [36m304[0m 79.772 ms - -[0m
[2026-09-02 13:10:13] HTTP: [0mGET /api/v1/banners/admin/all?page=1&limit=10 [36m304[0m 80.809 ms - -[0m
[2026-09-02 13:10:13] HTTP: [0mOPTIONS /api/v1/coupons/admin?page=1&limit=10 [32m204[0m 0.102 ms - 0[0m
[2026-09-02 13:10:13] HTTP: [0mOPTIONS /api/v1/coupons/admin?page=1&limit=10 [32m204[0m 0.041 ms - 0[0m
[2026-09-02 13:10:14] HTTP: [0mGET /api/v1/coupons/admin?page=1&limit=10 [36m304[0m 78.955 ms - -[0m
[2026-09-02 13:10:14] HTTP: [0mGET /api/v1/coupons/admin?page=1&limit=10 [36m304[0m 82.405 ms - -[0m
[2026-09-02 13:10:14] HTTP: [0mOPTIONS /api/v1/categories [32m204[0m 0.126 ms - 0[0m
[2026-09-02 13:10:14] HTTP: [0mOPTIONS /api/v1/sub-categories?page=1&limit=10&search=&status=&category_id= [32m204[0m 0.055 ms - 0[0m
[2026-09-02 13:10:14] HTTP: [0mOPTIONS /api/v1/categories [32m204[0m 0.050 ms - 0[0m
[2026-09-02 13:10:14] HTTP: [0mOPTIONS /api/v1/sub-categories?page=1&limit=10&search=&status=&category_id= [32m204[0m 0.071 ms - 0[0m
[2026-09-02 13:10:14] HTTP: [0mGET /api/v1/categories [36m304[0m 43.950 ms - -[0m
[2026-09-02 13:10:14] HTTP: [0mGET /api/v1/sub-categories?page=1&limit=10&search=&status=&category_id= [36m304[0m 77.266 ms - -[0m
[2026-09-02 13:10:14] HTTP: [0mGET /api/v1/categories [36m304[0m 40.721 ms - -[0m
[2026-09-02 13:10:14] HTTP: [0mGET /api/v1/sub-categories?page=1&limit=10&search=&status=&category_id= [36m304[0m 71.169 ms - -[0m
[2026-09-02 13:10:15] HTTP: [0mOPTIONS /api/v1/sub-categories [32m204[0m 0.113 ms - 0[0m
[2026-09-02 13:10:15] HTTP: [0mOPTIONS /api/v1/products?page=1&limit=10&search=&category=&subCategory=&status= [32m204[0m 0.094 ms - 0[0m
[2026-09-02 13:10:15] HTTP: [0mOPTIONS /api/v1/sub-categories [32m204[0m 0.055 ms - 0[0m
[2026-09-02 13:10:15] HTTP: [0mOPTIONS /api/v1/products?page=1&limit=10&search=&category=&subCategory=&status= [32m204[0m 0.040 ms - 0[0m
[2026-09-02 13:10:15] HTTP: [0mGET /api/v1/categories [36m304[0m 39.071 ms - -[0m
[2026-09-02 13:10:15] HTTP: [0mGET /api/v1/categories [36m304[0m 37.339 ms - -[0m
[2026-09-02 13:10:15] HTTP: [0mGET /api/v1/sub-categories [36m304[0m 81.370 ms - -[0m
[2026-09-02 13:10:15] HTTP: [0mGET /api/v1/products?page=1&limit=10&search=&category=&subCategory=&status= [36m304[0m 83.446 ms - -[0m
[2026-09-02 13:10:15] HTTP: [0mGET /api/v1/sub-categories [36m304[0m 70.802 ms - -[0m
[2026-09-02 13:10:15] HTTP: [0mGET /api/v1/products?page=1&limit=10&search=&category=&subCategory=&status= [36m304[0m 79.171 ms - -[0m
[2026-09-02 13:10:16] HTTP: [0mOPTIONS /api/v1/admin/get-warehouses [32m204[0m 0.085 ms - 0[0m
[2026-09-02 13:10:16] HTTP: [0mOPTIONS /api/v1/admin/inventory?page=1&limit=15&search=&warehouseId= [32m204[0m 0.045 ms - 0[0m
[2026-09-02 13:10:16] HTTP: [0mOPTIONS /api/v1/admin/get-warehouses [32m204[0m 0.045 ms - 0[0m
[2026-09-02 13:10:16] HTTP: [0mOPTIONS /api/v1/admin/inventory?page=1&limit=15&search=&warehouseId= [32m204[0m 0.066 ms - 0[0m
[2026-09-02 13:10:16] HTTP: [0mGET /api/v1/admin/get-warehouses [33m429[0m 0.415 ms - 94[0m
[2026-09-02 13:10:16] HTTP: [0mGET /api/v1/admin/inventory?page=1&limit=15&search=&warehouseId= [33m429[0m 0.342 ms - 94[0m
[2026-09-02 13:10:16] HTTP: [0mGET /api/v1/admin/get-warehouses [33m429[0m 0.312 ms - 94[0m
[2026-09-02 13:10:16] HTTP: [0mGET /api/v1/admin/inventory?page=1&limit=15&search=&warehouseId= [33m429[0m 0.448 ms - 94[0m
[2026-09-02 13:10:19] HTTP: [0mOPTIONS /api/v1/auth/me [32m204[0m 0.116 ms - 0[0m
[2026-09-02 13:10:19] HTTP: [0mOPTIONS /api/v1/auth/me [32m204[0m 0.124 ms - 0[0m
[2026-09-02 13:10:19] HTTP: [0mGET /api/v1/auth/me [33m429[0m 0.478 ms - 94[0m
[2026-09-02 13:10:19] HTTP: [0mGET /api/v1/auth/me [33m429[0m 0.489 ms - 94[0m
[2026-09-02 13:10:19] HTTP: [0mGET /api/v1/admin/get-warehouses [33m429[0m 0.620 ms - 94[0m
[2026-09-02 13:10:19] HTTP: [0mGET /api/v1/admin/inventory?page=1&limit=15&search=&warehouseId= [33m429[0m 0.597 ms - 94[0m
[2026-09-02 13:10:19] HTTP: [0mGET /api/v1/admin/get-warehouses [33m429[0m 0.294 ms - 94[0m
[2026-09-02 13:10:19] HTTP: [0mGET /api/v1/admin/inventory?page=1&limit=15&search=&warehouseId= [33m429[0m 0.315 ms - 94[0m
[2026-09-02 13:10:20] HTTP: [0mOPTIONS /api/v1/categories [32m204[0m 0.095 ms - 0[0m
[2026-09-02 13:10:20] HTTP: [0mOPTIONS /api/v1/sub-categories [32m204[0m 0.089 ms - 0[0m
[2026-09-02 13:10:20] HTTP: [0mOPTIONS /api/v1/products?page=1&limit=10&search=&category=&subCategory=&status= [32m204[0m 0.053 ms - 0[0m
[2026-09-02 13:10:20] HTTP: [0mOPTIONS /api/v1/categories [32m204[0m 0.071 ms - 0[0m
[2026-09-02 13:10:20] HTTP: [0mOPTIONS /api/v1/sub-categories [32m204[0m 0.050 ms - 0[0m
[2026-09-02 13:10:20] HTTP: [0mGET /api/v1/categories [33m429[0m 0.445 ms - 94[0m
[2026-09-02 13:10:20] HTTP: [0mGET /api/v1/sub-categories [33m429[0m 0.227 ms - 94[0m
[2026-09-02 13:10:20] HTTP: [0mGET /api/v1/products?page=1&limit=10&search=&category=&subCategory=&status= [33m429[0m 0.473 ms - 94[0m
[2026-09-02 13:10:20] HTTP: [0mGET /api/v1/categories [33m429[0m 0.657 ms - 94[0m
[2026-09-02 13:10:20] HTTP: [0mGET /api/v1/sub-categories [33m429[0m 0.466 ms - 94[0m
[2026-09-02 13:10:20] HTTP: [0mGET /api/v1/products?page=1&limit=10&search=&category=&subCategory=&status= [33m429[0m 0.498 ms - 94[0m
[2026-09-02 13:10:22] HTTP: [0mGET /api/v1/auth/me [33m429[0m 0.344 ms - 94[0m
[2026-09-02 13:10:22] HTTP: [0mGET /api/v1/auth/me [33m429[0m 0.280 ms - 94[0m
[2026-09-02 13:10:23] HTTP: [0mGET /api/v1/categories [33m429[0m 0.449 ms - 94[0m
[2026-09-02 13:10:23] HTTP: [0mGET /api/v1/sub-categories [33m429[0m 0.259 ms - 94[0m
[2026-09-02 13:10:23] HTTP: [0mGET /api/v1/products?page=1&limit=10&search=&category=&subCategory=&status= [33m429[0m 0.214 ms - 94[0m
[2026-09-02 13:10:23] HTTP: [0mGET /api/v1/categories [33m429[0m 0.169 ms - 94[0m
[2026-09-02 13:10:23] HTTP: [0mGET /api/v1/sub-categories [33m429[0m 0.155 ms - 94[0m
[2026-09-02 13:10:23] HTTP: [0mGET /api/v1/products?page=1&limit=10&search=&category=&subCategory=&status= [33m429[0m 0.157 ms - 94[0m
[2026-09-02 13:10:29] HTTP: [0mOPTIONS /api/v1/auth/me [32m204[0m 0.113 ms - 0[0m
[2026-09-02 13:10:29] HTTP: [0mGET /api/v1/auth/me [33m429[0m 0.315 ms - 94[0m
[2026-09-02 13:10:29] HTTP: [0mGET /api/v1/auth/me [33m429[0m 0.634 ms - 94[0m
[2026-09-02 13:10:30] HTTP: [0mOPTIONS /api/v1/categories [32m204[0m 0.156 ms - 0[0m
[2026-09-02 13:10:30] HTTP: [0mOPTIONS /api/v1/sub-categories [32m204[0m 0.063 ms - 0[0m
[2026-09-02 13:10:30] HTTP: [0mOPTIONS /api/v1/products?page=1&limit=10&search=&category=&subCategory=&status= [32m204[0m 0.037 ms - 0[0m
[2026-09-02 13:10:30] HTTP: [0mGET /api/v1/categories [33m429[0m 0.232 ms - 94[0m
[2026-09-02 13:10:30] HTTP: [0mGET /api/v1/sub-categories [33m429[0m 0.155 ms - 94[0m
[2026-09-02 13:10:30] HTTP: [0mGET /api/v1/products?page=1&limit=10&search=&category=&subCategory=&status= [33m429[0m 0.137 ms - 94[0m
[2026-09-02 13:10:30] HTTP: [0mGET /api/v1/categories [33m429[0m 0.178 ms - 94[0m
[2026-09-02 13:10:30] HTTP: [0mGET /api/v1/sub-categories [33m429[0m 0.214 ms - 94[0m
[2026-09-02 13:10:30] HTTP: [0mGET /api/v1/products?page=1&limit=10&search=&category=&subCategory=&status= [33m429[0m 0.274 ms - 94[0m
[2026-09-02 13:10:30] HTTP: [0mOPTIONS /api/v1/sub-categories?page=1&limit=10&search=&status=&category_id= [32m204[0m 0.089 ms - 0[0m
[2026-09-02 13:10:30] HTTP: [0mOPTIONS /api/v1/sub-categories?page=1&limit=10&search=&status=&category_id= [32m204[0m 0.045 ms - 0[0m
[2026-09-02 13:10:30] HTTP: [0mGET /api/v1/categories [33m429[0m 0.300 ms - 94[0m
[2026-09-02 13:10:30] HTTP: [0mGET /api/v1/sub-categories?page=1&limit=10&search=&status=&category_id= [33m429[0m 0.361 ms - 94[0m
[2026-09-02 13:10:30] HTTP: [0mGET /api/v1/categories [33m429[0m 0.295 ms - 94[0m
[2026-09-02 13:10:30] HTTP: [0mGET /api/v1/sub-categories?page=1&limit=10&search=&status=&category_id= [33m429[0m 0.366 ms - 94[0m
[2026-09-02 13:10:31] HTTP: [0mOPTIONS /api/v1/admin/get-warehouses [32m204[0m 0.077 ms - 0[0m
[2026-09-02 13:10:31] HTTP: [0mOPTIONS /api/v1/admin/inventory?page=1&limit=15&search=&warehouseId= [32m204[0m 0.045 ms - 0[0m
[2026-09-02 13:10:31] HTTP: [0mOPTIONS /api/v1/admin/get-warehouses [32m204[0m 0.030 ms - 0[0m
[2026-09-02 13:10:31] HTTP: [0mOPTIONS /api/v1/admin/inventory?page=1&limit=15&search=&warehouseId= [32m204[0m 0.036 ms - 0[0m
[2026-09-02 13:10:31] HTTP: [0mGET /api/v1/admin/get-warehouses [33m429[0m 0.234 ms - 94[0m
[2026-09-02 13:10:31] HTTP: [0mGET /api/v1/admin/inventory?page=1&limit=15&search=&warehouseId= [33m429[0m 0.158 ms - 94[0m
[2026-09-02 13:10:31] HTTP: [0mGET /api/v1/admin/get-warehouses [33m429[0m 0.156 ms - 94[0m
[2026-09-02 13:10:31] HTTP: [0mGET /api/v1/admin/inventory?page=1&limit=15&search=&warehouseId= [33m429[0m 0.195 ms - 94[0m
[2026-09-02 13:10:32] HTTP: [0mOPTIONS /api/v1/admin/orders?page=1&limit=10&search=&orderStatus=&paymentStatus=&paymentMethod=&warehouseId= [32m204[0m 0.114 ms - 0[0m
[2026-09-02 13:10:32] HTTP: [0mOPTIONS /api/v1/admin/orders?page=1&limit=10&search=&orderStatus=&paymentStatus=&paymentMethod=&warehouseId= [32m204[0m 0.074 ms - 0[0m
[2026-09-02 13:10:32] HTTP: [0mGET /api/v1/admin/get-warehouses [33m429[0m 0.260 ms - 94[0m
[2026-09-02 13:10:32] HTTP: [0mGET /api/v1/admin/orders?page=1&limit=10&search=&orderStatus=&paymentStatus=&paymentMethod=&warehouseId= [33m429[0m 0.174 ms - 94[0m
[2026-09-02 13:10:32] HTTP: [0mGET /api/v1/admin/get-warehouses [33m429[0m 0.293 ms - 94[0m
[2026-09-02 13:10:32] HTTP: [0mGET /api/v1/admin/orders?page=1&limit=10&search=&orderStatus=&paymentStatus=&paymentMethod=&warehouseId= [33m429[0m 0.204 ms - 94[0m
[2026-09-02 13:10:33] HTTP: [0mOPTIONS /api/v1/admin/customers [32m204[0m 0.103 ms - 0[0m
[2026-09-02 13:10:33] HTTP: [0mOPTIONS /api/v1/admin/customers [32m204[0m 0.093 ms - 0[0m
[2026-09-02 13:10:33] HTTP: [0mGET /api/v1/admin/customers [33m429[0m 0.847 ms - 94[0m
[2026-09-02 13:10:33] HTTP: [0mGET /api/v1/admin/customers [33m429[0m 0.392 ms - 94[0m
[2026-09-02 13:10:34] HTTP: [0mOPTIONS /api/v1/admin/get-staff [32m204[0m 0.093 ms - 0[0m
[2026-09-02 13:10:34] HTTP: [0mOPTIONS /api/v1/admin/get-staff [32m204[0m 0.058 ms - 0[0m
[2026-09-02 13:10:34] HTTP: [0mGET /api/v1/admin/get-staff [33m429[0m 0.288 ms - 94[0m
[2026-09-02 13:10:34] HTTP: [0mGET /api/v1/admin/get-staff [33m429[0m 0.181 ms - 94[0m
[2026-09-02 13:10:36] HTTP: [0mOPTIONS /api/v1/categories?page=1&limit=10&search=&status= [32m204[0m 0.090 ms - 0[0m
[2026-09-02 13:10:36] HTTP: [0mOPTIONS /api/v1/categories?page=1&limit=10&search=&status= [32m204[0m 0.096 ms - 0[0m
[2026-09-02 13:10:36] HTTP: [0mGET /api/v1/categories?page=1&limit=10&search=&status= [33m429[0m 0.218 ms - 94[0m
[2026-09-02 13:10:36] HTTP: [0mGET /api/v1/categories?page=1&limit=10&search=&status= [33m429[0m 0.162 ms - 94[0m
[2026-09-02 13:10:36] HTTP: [0mOPTIONS /api/v1/admin/revenue?startDate=2026-09-02&endDate=2026-09-02&warehouseId= [32m204[0m 0.156 ms - 0[0m
[2026-09-02 13:10:36] HTTP: [0mOPTIONS /api/v1/admin/revenue?startDate=2026-09-02&endDate=2026-09-02&warehouseId= [32m204[0m 0.076 ms - 0[0m
[2026-09-02 13:10:36] HTTP: [0mGET /api/v1/admin/get-warehouses [33m429[0m 0.246 ms - 94[0m
[2026-09-02 13:10:36] HTTP: [0mGET /api/v1/admin/revenue?startDate=2026-09-02&endDate=2026-09-02&warehouseId= [33m429[0m 0.160 ms - 94[0m
[2026-09-02 13:10:36] HTTP: [0mGET /api/v1/admin/get-warehouses [33m429[0m 0.212 ms - 94[0m
[2026-09-02 13:10:36] HTTP: [0mGET /api/v1/admin/revenue?startDate=2026-09-02&endDate=2026-09-02&warehouseId= [33m429[0m 0.184 ms - 94[0m
[2026-09-02 13:10:36] HTTP: [0mOPTIONS /api/v1/admin/dashboard [32m204[0m 0.079 ms - 0[0m
[2026-09-02 13:10:36] HTTP: [0mOPTIONS /api/v1/admin/dashboard [32m204[0m 0.061 ms - 0[0m
[2026-09-02 13:10:36] HTTP: [0mGET /api/v1/admin/dashboard [33m429[0m 0.203 ms - 94[0m
[2026-09-02 13:10:36] HTTP: [0mGET /api/v1/admin/dashboard [33m429[0m 0.228 ms - 94[0m
[2026-09-02 13:10:41] HTTP: [0mOPTIONS /api/v1/auth/me [32m204[0m 0.087 ms - 0[0m
[2026-09-02 13:10:41] HTTP: [0mOPTIONS /api/v1/auth/me [32m204[0m 0.062 ms - 0[0m
[2026-09-02 13:10:41] HTTP: [0mGET /api/v1/auth/me [32m200[0m 38.396 ms - 240[0m
[2026-09-02 13:10:41] HTTP: [0mGET /api/v1/auth/me [36m304[0m 39.557 ms - -[0m
[2026-09-02 13:10:41] HTTP: [0mGET /api/v1/admin/dashboard [32m200[0m 123.833 ms - 311[0m
[2026-09-02 13:10:41] HTTP: [0mGET /api/v1/admin/dashboard [36m304[0m 118.405 ms - -[0m
[2026-09-02 13:10:43] HTTP: [0mOPTIONS /api/v1/categories?page=1&limit=10&search=&status= [32m204[0m 0.095 ms - 0[0m
[2026-09-02 13:10:43] HTTP: [0mOPTIONS /api/v1/categories?page=1&limit=10&search=&status= [32m204[0m 0.052 ms - 0[0m
[2026-09-02 13:10:43] HTTP: [0mGET /api/v1/categories?page=1&limit=10&search=&status= [32m200[0m 38.078 ms - -[0m
[2026-09-02 13:10:43] HTTP: [0mGET /api/v1/categories?page=1&limit=10&search=&status= [36m304[0m 41.205 ms - -[0m
[2026-09-02 13:10:43] HTTP: [0mOPTIONS /api/v1/banners/admin/all?page=1&limit=10 [32m204[0m 0.091 ms - 0[0m
[2026-09-02 13:10:43] HTTP: [0mOPTIONS /api/v1/banners/admin/all?page=1&limit=10 [32m204[0m 0.050 ms - 0[0m
[2026-09-02 13:10:43] HTTP: [0mGET /api/v1/banners/admin/all?page=1&limit=10 [36m304[0m 80.969 ms - -[0m
[2026-09-02 13:10:43] HTTP: [0mGET /api/v1/banners/admin/all?page=1&limit=10 [36m304[0m 79.352 ms - -[0m
[2026-09-02 13:10:44] HTTP: [0mOPTIONS /api/v1/categories [32m204[0m 0.102 ms - 0[0m
[2026-09-02 13:10:44] HTTP: [0mOPTIONS /api/v1/sub-categories?page=1&limit=10&search=&status=&category_id= [32m204[0m 0.044 ms - 0[0m
[2026-09-02 13:10:44] HTTP: [0mOPTIONS /api/v1/categories [32m204[0m 0.038 ms - 0[0m
[2026-09-02 13:10:44] HTTP: [0mOPTIONS /api/v1/sub-categories?page=1&limit=10&search=&status=&category_id= [32m204[0m 0.027 ms - 0[0m
[2026-09-02 13:10:44] HTTP: [0mGET /api/v1/categories [32m200[0m 40.537 ms - -[0m
[2026-09-02 13:10:44] HTTP: [0mGET /api/v1/categories [36m304[0m 39.974 ms - -[0m
[2026-09-02 13:10:44] HTTP: [0mGET /api/v1/sub-categories?page=1&limit=10&search=&status=&category_id= [32m200[0m 81.358 ms - -[0m
[2026-09-02 13:10:44] HTTP: [0mGET /api/v1/sub-categories?page=1&limit=10&search=&status=&category_id= [36m304[0m 82.389 ms - -[0m
[2026-09-02 13:10:44] HTTP: [0mOPTIONS /api/v1/sub-categories [32m204[0m 0.085 ms - 0[0m
[2026-09-02 13:10:44] HTTP: [0mOPTIONS /api/v1/products?page=1&limit=10&search=&category=&subCategory=&status= [32m204[0m 0.054 ms - 0[0m
[2026-09-02 13:10:44] HTTP: [0mOPTIONS /api/v1/sub-categories [32m204[0m 0.030 ms - 0[0m
[2026-09-02 13:10:44] HTTP: [0mOPTIONS /api/v1/products?page=1&limit=10&search=&category=&subCategory=&status= [32m204[0m 0.030 ms - 0[0m
[2026-09-02 13:10:44] HTTP: [0mGET /api/v1/categories [36m304[0m 39.526 ms - -[0m
[2026-09-02 13:10:44] HTTP: [0mGET /api/v1/sub-categories [32m200[0m 70.142 ms - -[0m
[2026-09-02 13:10:44] HTTP: [0mGET /api/v1/categories [36m304[0m 43.476 ms - -[0m
[2026-09-02 13:10:45] HTTP: [0mGET /api/v1/products?page=1&limit=10&search=&category=&subCategory=&status= [32m200[0m 85.694 ms - -[0m
[2026-09-02 13:10:45] HTTP: [0mGET /api/v1/sub-categories [36m304[0m 69.084 ms - -[0m
[2026-09-02 13:10:45] HTTP: [0mGET /api/v1/products?page=1&limit=10&search=&category=&subCategory=&status= [36m304[0m 85.739 ms - -[0m
[2026-09-02 13:10:45] HTTP: [0mOPTIONS /api/v1/admin/get-warehouses [32m204[0m 0.091 ms - 0[0m
[2026-09-02 13:10:45] HTTP: [0mOPTIONS /api/v1/admin/inventory?page=1&limit=15&search=&warehouseId= [32m204[0m 0.056 ms - 0[0m
[2026-09-02 13:10:45] HTTP: [0mOPTIONS /api/v1/admin/get-warehouses [32m204[0m 0.041 ms - 0[0m
[2026-09-02 13:10:45] HTTP: [0mOPTIONS /api/v1/admin/inventory?page=1&limit=15&search=&warehouseId= [32m204[0m 0.035 ms - 0[0m
[2026-09-02 13:10:45] HTTP: [0mGET /api/v1/admin/get-warehouses [32m200[0m 70.552 ms - 540[0m
[2026-09-02 13:10:45] HTTP: [0mGET /api/v1/admin/get-warehouses [36m304[0m 74.272 ms - -[0m
[2026-09-02 13:10:45] HTTP: [0mGET /api/v1/admin/inventory?page=1&limit=15&search=&warehouseId= [32m200[0m 239.428 ms - -[0m
[2026-09-02 13:10:46] HTTP: [0mGET /api/v1/admin/inventory?page=1&limit=15&search=&warehouseId= [36m304[0m 239.331 ms - -[0m
[2026-09-02 13:10:46] HTTP: [0mOPTIONS /api/v1/admin/orders?page=1&limit=10&search=&orderStatus=&paymentStatus=&paymentMethod=&warehouseId= [32m204[0m 0.114 ms - 0[0m
[2026-09-02 13:10:46] HTTP: [0mOPTIONS /api/v1/admin/orders?page=1&limit=10&search=&orderStatus=&paymentStatus=&paymentMethod=&warehouseId= [32m204[0m 0.066 ms - 0[0m
[2026-09-02 13:10:46] HTTP: [0mGET /api/v1/admin/get-warehouses [36m304[0m 74.271 ms - -[0m
[2026-09-02 13:10:46] HTTP: [0mGET /api/v1/admin/orders?page=1&limit=10&search=&orderStatus=&paymentStatus=&paymentMethod=&warehouseId= [32m200[0m 111.045 ms - -[0m
[2026-09-02 13:10:46] HTTP: [0mGET /api/v1/admin/get-warehouses [36m304[0m 104.819 ms - -[0m
[2026-09-02 13:10:46] HTTP: [0mGET /api/v1/admin/orders?page=1&limit=10&search=&orderStatus=&paymentStatus=&paymentMethod=&warehouseId= [36m304[0m 153.217 ms - -[0m
[2026-09-02 13:10:48] HTTP: [0mOPTIONS /api/v1/admin/get-staff [32m204[0m 0.111 ms - 0[0m
[2026-09-02 13:10:48] HTTP: [0mOPTIONS /api/v1/admin/get-staff [32m204[0m 0.045 ms - 0[0m
[2026-09-02 13:10:48] HTTP: [0mGET /api/v1/admin/get-warehouses [36m304[0m 81.294 ms - -[0m
[2026-09-02 13:10:48] HTTP: [0mGET /api/v1/admin/get-staff [32m200[0m 114.398 ms - -[0m
[2026-09-02 13:10:48] HTTP: [0mGET /api/v1/admin/get-warehouses [36m304[0m 79.543 ms - -[0m
[2026-09-02 13:10:48] HTTP: [0mGET /api/v1/admin/get-staff [36m304[0m 110.083 ms - -[0m
[2026-09-02 13:10:51] HTTP: [0mOPTIONS /api/v1/auth/me [32m204[0m 0.084 ms - 0[0m
[2026-09-02 13:10:51] HTTP: [0mOPTIONS /api/v1/auth/me [32m204[0m 0.048 ms - 0[0m
[2026-09-02 13:10:51] HTTP: [0mGET /api/v1/auth/me [36m304[0m 37.663 ms - -[0m
[2026-09-02 13:10:51] HTTP: [0mGET /api/v1/auth/me [36m304[0m 40.136 ms - -[0m
[2026-09-02 13:10:52] HTTP: [0mOPTIONS /api/v1/tickets/admin/all?page=1&limit=10 [32m204[0m 0.080 ms - 0[0m
[2026-09-02 13:10:52] HTTP: [0mOPTIONS /api/v1/tickets/admin/all?page=1&limit=10 [32m204[0m 0.053 ms - 0[0m
[2026-09-02 13:10:52] HTTP: [0mGET /api/v1/tickets/admin/all?page=1&limit=10 [36m304[0m 118.255 ms - -[0m
[2026-09-02 13:10:52] HTTP: [0mGET /api/v1/tickets/admin/all?page=1&limit=10 [36m304[0m 115.546 ms - -[0m
[2026-09-02 13:10:54] HTTP: [0mOPTIONS /api/v1/faqs [32m204[0m 0.080 ms - 0[0m
[2026-09-02 13:10:54] HTTP: [0mOPTIONS /api/v1/faqs [32m204[0m 0.056 ms - 0[0m
[2026-09-02 13:10:54] HTTP: [0mGET /api/v1/faqs [36m304[0m 37.017 ms - -[0m
[2026-09-02 13:10:54] HTTP: [0mGET /api/v1/faqs [36m304[0m 39.019 ms - -[0m
[2026-09-02 13:10:55] HTTP: [0mGET /api/v1/tickets/admin/all?page=1&limit=10 [36m304[0m 127.916 ms - -[0m
[2026-09-02 13:10:55] HTTP: [0mGET /api/v1/tickets/admin/all?page=1&limit=10 [36m304[0m 123.452 ms - -[0m
[2026-09-02 13:10:56] HTTP: [0mOPTIONS /api/v1/tickets/6a95ca2e2794733018534bff [32m204[0m 0.149 ms - 0[0m
[2026-09-02 13:10:56] HTTP: [0mOPTIONS /api/v1/tickets/6a95ca2e2794733018534bff [32m204[0m 0.076 ms - 0[0m
[2026-09-02 13:10:56] HTTP: [0mGET /api/v1/tickets/6a95ca2e2794733018534bff [32m200[0m 118.907 ms - 560[0m
[2026-09-02 13:10:56] HTTP: [0mGET /api/v1/tickets/6a95ca2e2794733018534bff [36m304[0m 115.336 ms - -[0m
[2026-09-02 13:10:58] HTTP: [0mOPTIONS /api/v1/tickets/6a95ca2e2794733018534bff/status [32m204[0m 0.116 ms - 0[0m
[2026-09-02 13:10:58] HTTP: [0mPUT /api/v1/tickets/6a95ca2e2794733018534bff/status [32m200[0m 130.975 ms - 547[0m
[2026-09-02 13:11:00] HTTP: [0mPUT /api/v1/tickets/6a95ca2e2794733018534bff/status [32m200[0m 112.839 ms - 553[0m
[2026-09-02 13:11:01] HTTP: [0mPUT /api/v1/tickets/6a95ca2e2794733018534bff/status [32m200[0m 111.149 ms - 539[0m
[2026-09-02 13:11:15] HTTP: [0mOPTIONS /api/v1/admin/get-warehouses [32m204[0m 0.106 ms - 0[0m
[2026-09-02 13:11:15] HTTP: [0mOPTIONS /api/v1/admin/orders?page=1&limit=10&search=&orderStatus=&paymentStatus=&paymentMethod=&warehouseId= [32m204[0m 0.111 ms - 0[0m
[2026-09-02 13:11:15] HTTP: [0mOPTIONS /api/v1/admin/get-warehouses [32m204[0m 0.114 ms - 0[0m
[2026-09-02 13:11:15] HTTP: [0mOPTIONS /api/v1/admin/orders?page=1&limit=10&search=&orderStatus=&paymentStatus=&paymentMethod=&warehouseId= [32m204[0m 0.055 ms - 0[0m
[2026-09-02 13:11:15] HTTP: [0mGET /api/v1/admin/get-warehouses [36m304[0m 82.294 ms - -[0m
[2026-09-02 13:11:15] HTTP: [0mGET /api/v1/admin/orders?page=1&limit=10&search=&orderStatus=&paymentStatus=&paymentMethod=&warehouseId= [36m304[0m 124.480 ms - -[0m
[2026-09-02 13:11:15] HTTP: [0mGET /api/v1/admin/get-warehouses [36m304[0m 81.111 ms - -[0m
[2026-09-02 13:11:15] HTTP: [0mGET /api/v1/admin/orders?page=1&limit=10&search=&orderStatus=&paymentStatus=&paymentMethod=&warehouseId= [36m304[0m 119.213 ms - -[0m
[2026-09-02 13:11:16] HTTP: [0mOPTIONS /api/v1/admin/customers [32m204[0m 0.141 ms - 0[0m
[2026-09-02 13:11:16] HTTP: [0mOPTIONS /api/v1/admin/customers [32m204[0m 0.058 ms - 0[0m
[2026-09-02 13:11:16] HTTP: [0mGET /api/v1/admin/customers [32m200[0m 75.791 ms - -[0m
[2026-09-02 13:11:16] HTTP: [0mGET /api/v1/admin/customers [36m304[0m 80.038 ms - -[0m
[2026-09-02 13:11:17] HTTP: [0mOPTIONS /api/v1/admin/dashboard [32m204[0m 0.099 ms - 0[0m
[2026-09-02 13:11:17] HTTP: [0mOPTIONS /api/v1/admin/dashboard [32m204[0m 0.048 ms - 0[0m
[2026-09-02 13:11:18] HTTP: [0mGET /api/v1/admin/dashboard [36m304[0m 114.745 ms - -[0m
[2026-09-02 13:11:18] HTTP: [0mGET /api/v1/admin/dashboard [36m304[0m 115.144 ms - -[0m
[2026-09-02 13:11:18] HTTP: [0mOPTIONS /api/v1/admin/revenue?startDate=2026-09-02&endDate=2026-09-02&warehouseId= [32m204[0m 0.170 ms - 0[0m
[2026-09-02 13:11:18] HTTP: [0mOPTIONS /api/v1/admin/revenue?startDate=2026-09-02&endDate=2026-09-02&warehouseId= [32m204[0m 0.092 ms - 0[0m
[2026-09-02 13:11:18] HTTP: [0mGET /api/v1/admin/get-warehouses [36m304[0m 73.249 ms - -[0m
[2026-09-02 13:11:18] HTTP: [0mGET /api/v1/admin/revenue?startDate=2026-09-02&endDate=2026-09-02&warehouseId= [32m200[0m 142.901 ms - 152[0m
[2026-09-02 13:11:18] HTTP: [0mGET /api/v1/admin/get-warehouses [36m304[0m 70.900 ms - -[0m
[2026-09-02 13:11:18] HTTP: [0mGET /api/v1/admin/revenue?startDate=2026-09-02&endDate=2026-09-02&warehouseId= [36m304[0m 151.873 ms - -[0m
[2026-09-02 13:11:19] HTTP: [0mOPTIONS /api/v1/categories?page=1&limit=10&search=&status= [32m204[0m 0.092 ms - 0[0m
[2026-09-02 13:11:19] HTTP: [0mOPTIONS /api/v1/categories?page=1&limit=10&search=&status= [32m204[0m 0.069 ms - 0[0m
[2026-09-02 13:11:19] HTTP: [0mGET /api/v1/categories?page=1&limit=10&search=&status= [36m304[0m 38.810 ms - -[0m
[2026-09-02 13:11:19] HTTP: [0mGET /api/v1/categories?page=1&limit=10&search=&status= [36m304[0m 39.390 ms - -[0m
[2026-09-02 13:11:20] HTTP: [0mGET /api/v1/admin/get-warehouses [36m304[0m 77.748 ms - -[0m
[2026-09-02 13:11:20] HTTP: [0mGET /api/v1/admin/revenue?startDate=2026-09-02&endDate=2026-09-02&warehouseId= [36m304[0m 144.905 ms - -[0m
[2026-09-02 13:11:20] HTTP: [0mGET /api/v1/admin/revenue?startDate=2026-09-02&endDate=2026-09-02&warehouseId= [33m429[0m 0.411 ms - 94[0m
[2026-09-02 13:11:20] HTTP: [0mGET /api/v1/admin/get-warehouses [36m304[0m 73.659 ms - -[0m
[2026-09-02 13:12:02] HTTP: [0mOPTIONS /api/v1/admin/revenue?startDate=2026-09-02&endDate=2026-09-02 [32m204[0m 0.104 ms - 0[0m
[2026-09-02 13:12:02] HTTP: [0mGET /api/v1/admin/revenue?startDate=2026-09-02&endDate=2026-09-02 [32m200[0m 151.224 ms - 152[0m
[2026-09-02 13:13:23] HTTP: [0mOPTIONS /api/v1/admin/dashboard [32m204[0m 0.146 ms - 0[0m
[2026-09-02 13:13:23] HTTP: [0mOPTIONS /api/v1/admin/dashboard [32m204[0m 0.090 ms - 0[0m
[2026-09-02 13:13:23] HTTP: [0mGET /api/v1/admin/dashboard [36m304[0m 116.816 ms - -[0m
[2026-09-02 13:13:23] HTTP: [0mGET /api/v1/admin/dashboard [36m304[0m 115.291 ms - -[0m
[2026-09-02 13:13:24] HTTP: [0mOPTIONS /api/v1/admin/revenue?startDate=2026-09-02&endDate=2026-09-02 [32m204[0m 0.134 ms - 0[0m
[2026-09-02 13:13:24] HTTP: [0mOPTIONS /api/v1/admin/revenue?startDate=2026-09-02&endDate=2026-09-02 [32m204[0m 0.054 ms - 0[0m
[2026-09-02 13:13:24] HTTP: [0mGET /api/v1/admin/revenue?startDate=2026-09-02&endDate=2026-09-02 [36m304[0m 150.788 ms - -[0m
[2026-09-02 13:13:24] HTTP: [0mGET /api/v1/admin/revenue?startDate=2026-09-02&endDate=2026-09-02 [36m304[0m 150.715 ms - -[0m
[2026-09-02 13:13:25] HTTP: [0mOPTIONS /api/v1/categories?page=1&limit=10&search=&status= [32m204[0m 0.088 ms - 0[0m
[2026-09-02 13:13:25] HTTP: [0mOPTIONS /api/v1/categories?page=1&limit=10&search=&status= [32m204[0m 0.038 ms - 0[0m
[2026-09-02 13:13:25] HTTP: [0mGET /api/v1/categories?page=1&limit=10&search=&status= [36m304[0m 37.865 ms - -[0m
[2026-09-02 13:13:25] HTTP: [0mGET /api/v1/categories?page=1&limit=10&search=&status= [36m304[0m 37.676 ms - -[0m
[2026-09-02 13:13:26] HTTP: [0mGET /api/v1/admin/revenue?startDate=2026-09-02&endDate=2026-09-02 [36m304[0m 143.962 ms - -[0m
[2026-09-02 13:13:26] HTTP: [0mGET /api/v1/admin/revenue?startDate=2026-09-02&endDate=2026-09-02 [36m304[0m 145.485 ms - -[0m
[2026-09-02 13:13:40] HTTP: [0mOPTIONS /api/v1/categories?page=1&limit=10&search=&status= [32m204[0m 0.091 ms - 0[0m
[2026-09-02 13:13:40] HTTP: [0mOPTIONS /api/v1/categories?page=1&limit=10&search=&status= [32m204[0m 0.041 ms - 0[0m
[2026-09-02 13:13:40] HTTP: [0mGET /api/v1/categories?page=1&limit=10&search=&status= [36m304[0m 37.110 ms - -[0m
[2026-09-02 13:13:40] HTTP: [0mGET /api/v1/categories?page=1&limit=10&search=&status= [36m304[0m 37.317 ms - -[0m
[2026-09-02 13:13:40] HTTP: [0mOPTIONS /api/v1/banners/admin/all?page=1&limit=10 [32m204[0m 0.092 ms - 0[0m
[2026-09-02 13:13:40] HTTP: [0mOPTIONS /api/v1/banners/admin/all?page=1&limit=10 [32m204[0m 0.048 ms - 0[0m
[2026-09-02 13:13:40] HTTP: [0mGET /api/v1/banners/admin/all?page=1&limit=10 [36m304[0m 77.853 ms - -[0m
[2026-09-02 13:13:41] HTTP: [0mGET /api/v1/banners/admin/all?page=1&limit=10 [36m304[0m 79.115 ms - -[0m
[2026-09-02 13:13:41] HTTP: [0mOPTIONS /api/v1/coupons/admin?page=1&limit=10 [32m204[0m 0.090 ms - 0[0m
[2026-09-02 13:13:41] HTTP: [0mOPTIONS /api/v1/coupons/admin?page=1&limit=10 [32m204[0m 0.040 ms - 0[0m
[2026-09-02 13:13:41] HTTP: [0mGET /api/v1/coupons/admin?page=1&limit=10 [36m304[0m 73.064 ms - -[0m
[2026-09-02 13:13:41] HTTP: [0mGET /api/v1/coupons/admin?page=1&limit=10 [36m304[0m 75.961 ms - -[0m
[2026-09-02 13:13:42] HTTP: [0mOPTIONS /api/v1/categories [32m204[0m 0.092 ms - 0[0m
[2026-09-02 13:13:42] HTTP: [0mOPTIONS /api/v1/sub-categories?page=1&limit=10&search=&status=&category_id= [32m204[0m 0.045 ms - 0[0m
[2026-09-02 13:13:42] HTTP: [0mOPTIONS /api/v1/categories [32m204[0m 0.048 ms - 0[0m
[2026-09-02 13:13:42] HTTP: [0mOPTIONS /api/v1/sub-categories?page=1&limit=10&search=&status=&category_id= [32m204[0m 0.028 ms - 0[0m
[2026-09-02 13:13:42] HTTP: [0mGET /api/v1/categories [36m304[0m 37.441 ms - -[0m
[2026-09-02 13:13:42] HTTP: [0mGET /api/v1/categories [36m304[0m 38.855 ms - -[0m
[2026-09-02 13:13:42] HTTP: [0mGET /api/v1/sub-categories?page=1&limit=10&search=&status=&category_id= [36m304[0m 81.441 ms - -[0m
[2026-09-02 13:13:42] HTTP: [0mGET /api/v1/sub-categories?page=1&limit=10&search=&status=&category_id= [36m304[0m 80.765 ms - -[0m
[2026-09-02 13:13:43] HTTP: [0mGET /api/v1/banners/admin/all?page=1&limit=10 [36m304[0m 341.554 ms - -[0m
[2026-09-02 13:13:43] HTTP: [0mGET /api/v1/banners/admin/all?page=1&limit=10 [36m304[0m 73.527 ms - -[0m
[2026-09-02 13:13:43] HTTP: [0mGET /api/v1/categories?page=1&limit=10&search=&status= [36m304[0m 38.269 ms - -[0m
[2026-09-02 13:13:43] HTTP: [0mGET /api/v1/categories?page=1&limit=10&search=&status= [36m304[0m 39.583 ms - -[0m
[2026-09-02 13:13:43] HTTP: [0mOPTIONS /api/v1/admin/revenue?startDate=2026-09-02&endDate=2026-09-02 [32m204[0m 0.113 ms - 0[0m
[2026-09-02 13:13:43] HTTP: [0mGET /api/v1/admin/revenue?startDate=2026-09-02&endDate=2026-09-02 [36m304[0m 160.852 ms - -[0m
[2026-09-02 13:13:43] HTTP: [0mOPTIONS /api/v1/admin/dashboard [32m204[0m 0.070 ms - 0[0m
[2026-09-02 13:13:43] HTTP: [0mOPTIONS /api/v1/admin/dashboard [32m204[0m 0.036 ms - 0[0m
[2026-09-02 13:13:44] HTTP: [0mGET /api/v1/admin/revenue?startDate=2026-09-02&endDate=2026-09-02 [36m304[0m 219.179 ms - -[0m
[2026-09-02 13:13:44] HTTP: [0mGET /api/v1/admin/dashboard [36m304[0m 109.568 ms - -[0m
[2026-09-02 13:13:44] HTTP: [0mGET /api/v1/admin/dashboard [36m304[0m 115.741 ms - -[0m
[2026-09-02 13:13:57] HTTP: [0mOPTIONS /api/v1/auth/me [32m204[0m 0.112 ms - 0[0m
[2026-09-02 13:13:57] HTTP: [0mOPTIONS /api/v1/auth/me [32m204[0m 0.082 ms - 0[0m
[2026-09-02 13:13:57] HTTP: [0mGET /api/v1/auth/me [33m401[0m 1.113 ms - 63[0m
[2026-09-02 13:13:57] HTTP: [0mGET /api/v1/auth/me [33m401[0m 1.170 ms - 63[0m
[2026-09-02 13:13:57] HTTP: [0mOPTIONS /api/v1/auth/refresh-token [32m204[0m 0.066 ms - 0[0m
[2026-09-02 13:13:57] HTTP: [0mPOST /api/v1/auth/refresh-token [32m200[0m 88.455 ms - 483[0m
[2026-09-02 13:13:57] HTTP: [0mGET /api/v1/auth/me [36m304[0m 39.219 ms - -[0m
[2026-09-02 13:13:57] HTTP: [0mGET /api/v1/auth/me [36m304[0m 39.317 ms - -[0m
[2026-09-02 13:13:57] HTTP: [0mOPTIONS /api/v1/admin/dashboard [32m204[0m 0.100 ms - 0[0m
[2026-09-02 13:13:57] HTTP: [0mOPTIONS /api/v1/admin/dashboard [32m204[0m 0.264 ms - 0[0m
[2026-09-02 13:13:57] HTTP: [0mGET /api/v1/admin/dashboard [36m304[0m 114.489 ms - -[0m
[2026-09-02 13:13:58] HTTP: [0mGET /api/v1/admin/dashboard [36m304[0m 160.526 ms - -[0m
[2026-09-02 13:14:45] HTTP: [0mOPTIONS /api/v1/auth/me [32m204[0m 0.131 ms - 0[0m
[2026-09-02 13:14:45] HTTP: [0mOPTIONS /api/v1/auth/me [32m204[0m 0.258 ms - 0[0m
[2026-09-02 13:14:45] HTTP: [0mGET /api/v1/auth/me [36m304[0m 37.971 ms - -[0m
[2026-09-02 13:14:45] HTTP: [0mGET /api/v1/auth/me [36m304[0m 38.072 ms - -[0m
[2026-09-02 13:14:46] HTTP: [0mOPTIONS /api/v1/admin/revenue?startDate=2026-09-02&endDate=2026-09-02 [32m204[0m 0.260 ms - 0[0m
[2026-09-02 13:14:46] HTTP: [0mOPTIONS /api/v1/admin/revenue?startDate=2026-09-02&endDate=2026-09-02 [32m204[0m 0.111 ms - 0[0m
[2026-09-02 13:14:46] HTTP: [0mGET /api/v1/admin/revenue?startDate=2026-09-02&endDate=2026-09-02 [36m304[0m 150.895 ms - -[0m
[2026-09-02 13:14:46] HTTP: [0mGET /api/v1/admin/revenue?startDate=2026-09-02&endDate=2026-09-02 [36m304[0m 151.161 ms - -[0m
[2026-09-02 13:14:53] HTTP: [0mOPTIONS /api/v1/admin/revenue?startDate=2026-08-02&endDate=2026-09-02 [32m204[0m 0.076 ms - 0[0m
[2026-09-02 13:14:53] HTTP: [0mGET /api/v1/admin/revenue?startDate=2026-08-02&endDate=2026-09-02 [32m200[0m 145.378 ms - 476[0m
[2026-09-02 13:14:56] HTTP: [0mOPTIONS /api/v1/auth/me [32m204[0m 0.084 ms - 0[0m
[2026-09-02 13:14:56] HTTP: [0mOPTIONS /api/v1/auth/me [32m204[0m 0.047 ms - 0[0m
[2026-09-02 13:14:56] HTTP: [0mGET /api/v1/auth/me [36m304[0m 38.745 ms - -[0m
[2026-09-02 13:14:56] HTTP: [0mOPTIONS /api/v1/admin/revenue?startDate=2026-09-02&endDate=2026-09-02 [32m204[0m 0.084 ms - 0[0m
[2026-09-02 13:14:56] HTTP: [0mOPTIONS /api/v1/admin/revenue?startDate=2026-09-02&endDate=2026-09-02 [32m204[0m 0.074 ms - 0[0m
[2026-09-02 13:14:56] HTTP: [0mGET /api/v1/auth/me [36m304[0m 38.775 ms - -[0m
[2026-09-02 13:14:56] HTTP: [0mGET /api/v1/admin/revenue?startDate=2026-09-02&endDate=2026-09-02 [36m304[0m 143.855 ms - -[0m
[2026-09-02 13:14:56] HTTP: [0mGET /api/v1/admin/revenue?startDate=2026-09-02&endDate=2026-09-02 [36m304[0m 137.756 ms - -[0m
[2026-09-02 13:15:11] HTTP: [0mOPTIONS /api/v1/admin/revenue?startDate=2026-08-02&endDate=2026-09-02 [32m204[0m 0.097 ms - 0[0m
[2026-09-02 13:15:11] HTTP: [0mGET /api/v1/admin/revenue?startDate=2026-08-02&endDate=2026-09-02 [36m304[0m 143.041 ms - -[0m
[2026-09-02 13:22:27] HTTP: [0mOPTIONS /api/v1/auth/me [32m204[0m 0.182 ms - 0[0m
[2026-09-02 13:22:27] HTTP: [0mOPTIONS /api/v1/auth/me [32m204[0m 0.067 ms - 0[0m
[2026-09-02 13:22:27] HTTP: [0mGET /api/v1/auth/me [36m304[0m 36.423 ms - -[0m
[2026-09-02 13:22:27] HTTP: [0mGET /api/v1/auth/me [36m304[0m 34.642 ms - -[0m
[2026-09-02 13:22:27] HTTP: [0mOPTIONS /api/v1/admin/revenue?startDate=2026-09-02&endDate=2026-09-02 [32m204[0m 0.095 ms - 0[0m
[2026-09-02 13:22:28] HTTP: [0mGET /api/v1/admin/revenue?startDate=2026-09-02&endDate=2026-09-02 [36m304[0m 141.652 ms - -[0m
[2026-09-02 13:22:28] HTTP: [0mGET /api/v1/admin/revenue?startDate=2026-09-02&endDate=2026-09-02 [36m304[0m 138.168 ms - -[0m
[2026-09-02 13:22:45] HTTP: [0mOPTIONS /api/v1/admin/revenue?startDate=2026-08-02&endDate=2026-09-02 [32m204[0m 0.078 ms - 0[0m
[2026-09-02 13:22:46] HTTP: [0mGET /api/v1/admin/revenue?startDate=2026-08-02&endDate=2026-09-02 [36m304[0m 144.075 ms - -[0m
[2026-09-02 13:23:12] HTTP: [0mOPTIONS /api/v1/admin/revenue?startDate=2026-09-02&endDate=2026-09-02 [32m204[0m 0.070 ms - 0[0m
[2026-09-02 13:23:12] HTTP: [0mGET /api/v1/admin/revenue?startDate=2026-09-02&endDate=2026-09-02 [36m304[0m 141.331 ms - -[0m
[2026-09-02 13:23:14] HTTP: [0mOPTIONS /api/v1/admin/dashboard [32m204[0m 0.102 ms - 0[0m
[2026-09-02 13:23:14] HTTP: [0mOPTIONS /api/v1/admin/dashboard [32m204[0m 0.042 ms - 0[0m
[2026-09-02 13:23:14] HTTP: [0mGET /api/v1/admin/dashboard [36m304[0m 111.200 ms - -[0m
[2026-09-02 13:23:14] HTTP: [0mGET /api/v1/admin/dashboard [36m304[0m 112.898 ms - -[0m
[2026-09-02 13:26:36] HTTP: [0mOPTIONS /api/v1/admin/revenue?startDate=2026-09-02&endDate=2026-09-02 [32m204[0m 0.081 ms - 0[0m
[2026-09-02 13:26:36] HTTP: [0mOPTIONS /api/v1/admin/revenue?startDate=2026-09-02&endDate=2026-09-02 [32m204[0m 0.039 ms - 0[0m
[2026-09-02 13:26:36] HTTP: [0mGET /api/v1/admin/revenue?startDate=2026-09-02&endDate=2026-09-02 [36m304[0m 151.089 ms - -[0m
[2026-09-02 13:26:36] HTTP: [0mGET /api/v1/admin/revenue?startDate=2026-09-02&endDate=2026-09-02 [36m304[0m 150.772 ms - -[0m
[2026-09-02 13:26:37] HTTP: [0mOPTIONS /api/v1/banners/admin/all?page=1&limit=10 [32m204[0m 0.081 ms - 0[0m
[2026-09-02 13:26:37] HTTP: [0mOPTIONS /api/v1/banners/admin/all?page=1&limit=10 [32m204[0m 0.044 ms - 0[0m
[2026-09-02 13:26:37] HTTP: [0mGET /api/v1/banners/admin/all?page=1&limit=10 [36m304[0m 81.255 ms - -[0m
[2026-09-02 13:26:37] HTTP: [0mGET /api/v1/banners/admin/all?page=1&limit=10 [36m304[0m 79.253 ms - -[0m
[2026-09-02 13:26:38] HTTP: [0mOPTIONS /api/v1/categories?page=1&limit=10&search=&status= [32m204[0m 0.150 ms - 0[0m
[2026-09-02 13:26:38] HTTP: [0mOPTIONS /api/v1/categories?page=1&limit=10&search=&status= [32m204[0m 0.046 ms - 0[0m
[2026-09-02 13:26:38] HTTP: [0mGET /api/v1/categories?page=1&limit=10&search=&status= [36m304[0m 41.317 ms - -[0m
[2026-09-02 13:26:38] HTTP: [0mGET /api/v1/categories?page=1&limit=10&search=&status= [36m304[0m 38.314 ms - -[0m
[2026-09-02 13:26:38] HTTP: [0mOPTIONS /api/v1/coupons/admin?page=1&limit=10 [32m204[0m 0.090 ms - 0[0m
[2026-09-02 13:26:38] HTTP: [0mOPTIONS /api/v1/coupons/admin?page=1&limit=10 [32m204[0m 0.039 ms - 0[0m
[2026-09-02 13:26:39] HTTP: [0mOPTIONS /api/v1/categories [32m204[0m 0.141 ms - 0[0m
[2026-09-02 13:26:39] HTTP: [0mOPTIONS /api/v1/sub-categories?page=1&limit=10&search=&status=&category_id= [32m204[0m 0.055 ms - 0[0m
[2026-09-02 13:26:39] HTTP: [0mOPTIONS /api/v1/sub-categories?page=1&limit=10&search=&status=&category_id= [32m204[0m 0.055 ms - 0[0m
[2026-09-02 13:26:50] HTTP: [0mOPTIONS /api/v1/admin/dashboard [32m204[0m 0.070 ms - 0[0m
[2026-09-02 13:26:50] HTTP: [0mOPTIONS /api/v1/admin/dashboard [32m204[0m 0.035 ms - 0[0m
[2026-09-02 13:26:51] HTTP: [0mGET /api/v1/coupons/admin?page=1&limit=10 [0m-[0m - ms - -[0m
[2026-09-02 13:26:51] HTTP: [0mGET /api/v1/coupons/admin?page=1&limit=10 [0m-[0m - ms - -[0m
[2026-09-02 13:26:51] HTTP: [0mGET /api/v1/sub-categories?page=1&limit=10&search=&status=&category_id= [0m-[0m - ms - -[0m
[2026-09-02 13:26:51] HTTP: [0mGET /api/v1/admin/dashboard [0m-[0m - ms - -[0m
[2026-09-02 13:26:51] HTTP: [0mGET /api/v1/categories [0m-[0m - ms - -[0m
[2026-09-02 13:26:51] HTTP: [0mOPTIONS /api/v1/auth/me [32m204[0m 0.085 ms - 0[0m
[2026-09-02 13:26:51] HTTP: [0mOPTIONS /api/v1/auth/me [32m204[0m 0.044 ms - 0[0m
[2026-09-02 13:27:06] HTTP: [0mGET /api/v1/auth/me [36m304[0m 15454.546 ms - -[0m
[2026-09-02 13:27:07] HTTP: [0mGET /api/v1/auth/me [36m304[0m 85.350 ms - -[0m
[2026-09-02 13:27:07] HTTP: [0mOPTIONS /api/v1/admin/dashboard [32m204[0m 0.096 ms - 0[0m
[2026-09-02 13:27:07] HTTP: [0mGET /api/v1/admin/dashboard [32m200[0m 372.112 ms - 311[0m
[2026-09-02 13:27:07] HTTP: [0mGET /api/v1/admin/dashboard [36m304[0m 131.639 ms - -[0m
[2026-09-02 13:27:11] WARN: SIGINT received. Shutting down gracefully...
[2026-09-02 17:29:18] INFO: Server running on port 5000 in development mode
[2026-09-02 17:29:19] HTTP: [0mGET /api-docs/ [32m200[0m 4.941 ms - -[0m
[2026-09-02 17:29:19] HTTP: [0mGET /api-docs/swagger-ui-init.js [32m200[0m 0.743 ms - -[0m
[2026-09-02 17:29:19] HTTP: [0mGET /api-docs/swagger-ui.css [32m200[0m 6.848 ms - -[0m
[2026-09-02 17:29:19] HTTP: [0mGET /api-docs/swagger-ui-init.js [32m200[0m 1.235 ms - -[0m
[2026-09-02 17:29:19] HTTP: [0mGET /api-docs/swagger-ui-standalone-preset.js [32m200[0m 21.022 ms - -[0m
[2026-09-02 17:29:19] HTTP: [0mGET /api-docs/swagger-ui-bundle.js [32m200[0m 17.364 ms - -[0m
[2026-09-02 17:29:19] HTTP: [0mGET /api-docs/swagger-ui-standalone-preset.js [32m200[0m 1.016 ms - -[0m
[2026-09-02 17:29:19] HTTP: [0mGET /api-docs/swagger-ui-bundle.js [32m200[0m 1.052 ms - -[0m
[2026-09-02 17:29:19] HTTP: [0mGET /api-docs/favicon-32x32.png [32m200[0m 1.760 ms - 628[0m
